rep,noise,true_snr,true_snr_eff,fe,estimator,est,err,lag1,artf,warn_corr
0,awgn,0,0.0,False,snr_beat_residual_db,1.6037045732840873,1.6037045732840873,-0.004437050451375392,0.0,0.0
0,awgn,0,0.0,False,snr_hsc_db,1.3355948188523454,1.3355948188523454,-0.004437050451375392,0.0,0.0
0,awgn,0,0.0,False,snr_isoelectric_db,0.021399238715652052,0.021399238715652052,-0.004437050451375392,0.0,0.0
0,awgn,5,5.0,False,snr_beat_residual_db,6.385818407934535,1.3858184079345346,-0.017901325502147226,0.0,0.0
0,awgn,5,5.0,False,snr_hsc_db,5.129980956471406,0.12998095647140584,-0.017901325502147226,0.0,0.0
0,awgn,5,5.0,False,snr_isoelectric_db,4.719427475864696,-0.2805725241353043,-0.017901325502147226,0.0,0.0
0,awgn,10,10.0,False,snr_beat_residual_db,11.06340618422671,1.0634061842267108,-0.020132526599664705,0.0,0.0
0,awgn,10,10.0,False,snr_hsc_db,10.886398496541418,0.8863984965414176,-0.020132526599664705,0.0,0.0
0,awgn,10,10.0,False,snr_isoelectric_db,9.35375807636792,-0.6462419236320809,-0.020132526599664705,0.0,0.0
0,awgn,15,15.0,False,snr_beat_residual_db,15.080942908660615,0.08094290866061549,-0.03618056839135451,0.024390243902439025,0.0
0,awgn,15,15.0,False,snr_hsc_db,14.077717286350463,-0.9222827136495368,-0.03618056839135451,0.024390243902439025,0.0
0,awgn,15,15.0,False,snr_isoelectric_db,12.80508753782703,-2.1949124621729705,-0.03618056839135451,0.024390243902439025,0.0
0,awgn,20,20.0,False,snr_beat_residual_db,17.929600011161146,-2.0703999888388545,-0.02216754184086454,0.024390243902439025,0.0
0,awgn,20,20.0,False,snr_hsc_db,15.532411781833787,-4.467588218166213,-0.02216754184086454,0.024390243902439025,0.0
0,awgn,20,20.0,False,snr_isoelectric_db,14.939480467333441,-5.060519532666559,-0.02216754184086454,0.024390243902439025,0.0
0,pli,0,0.0,False,snr_beat_residual_db,10.610303245092439,10.610303245092439,0.06623400111936444,0.0,1.0
0,pli,0,0.0,False,snr_hsc_db,12.821353396446757,12.821353396446757,0.06623400111936444,0.0,1.0
0,pli,0,0.0,False,snr_isoelectric_db,-0.21891009377583645,-0.21891009377583645,0.06623400111936444,0.0,1.0
0,pli,5,5.0,False,snr_beat_residual_db,9.622249541213884,4.622249541213884,-0.008300319011827565,0.0,0.0
0,pli,5,5.0,False,snr_hsc_db,5.057633354000274,0.057633354000273584,-0.008300319011827565,0.0,0.0
0,pli,5,5.0,False,snr_isoelectric_db,4.6120539816838155,-0.38794601831618447,-0.008300319011827565,0.0,0.0
0,pli,10,10.0,False,snr_beat_residual_db,10.93353924055245,0.9335392405524505,0.11837040754597587,0.0,0.0
0,pli,10,10.0,False,snr_hsc_db,8.299898436306242,-1.7001015636937584,0.11837040754597587,0.0,0.0
0,pli,10,10.0,False,snr_isoelectric_db,9.043945584776825,-0.9560544152231749,0.11837040754597587,0.0,0.0
0,pli,15,15.0,False,snr_beat_residual_db,15.008370117779481,0.00837011777948149,-0.007241551733511778,0.04878048780487805,0.0
0,pli,15,15.0,False,snr_hsc_db,11.880720984196643,-3.1192790158033574,-0.007241551733511778,0.04878048780487805,0.0
0,pli,15,15.0,False,snr_isoelectric_db,12.628127717021728,-2.3718722829782717,-0.007241551733511778,0.04878048780487805,0.0
0,pli,20,20.0,False,snr_beat_residual_db,17.922870525515084,-2.0771294744849165,-0.05081470955292361,0.024390243902439025,0.0
0,pli,20,20.0,False,snr_hsc_db,14.844311143607294,-5.155688856392706,-0.05081470955292361,0.024390243902439025,0.0
0,pli,20,20.0,False,snr_isoelectric_db,14.903654758911394,-5.096345241088606,-0.05081470955292361,0.024390243902439025,0.0
0,bw,0,0.0,False,snr_beat_residual_db,9.779332888254743,9.779332888254743,-0.45325353209360575,0.008130081300813009,0.0
0,bw,0,0.0,False,snr_hsc_db,6.155169647748643,6.155169647748643,-0.45325353209360575,0.008130081300813009,0.0
0,bw,0,0.0,False,snr_isoelectric_db,19.6178382487143,19.6178382487143,-0.45325353209360575,0.008130081300813009,0.0
0,bw,5,5.0,False,snr_beat_residual_db,16.23188894117071,11.231888941170709,0.3861365830055794,0.008130081300813009,1.0
0,bw,5,5.0,False,snr_hsc_db,17.099320099333447,12.099320099333447,0.3861365830055794,0.008130081300813009,1.0
0,bw,5,5.0,False,snr_isoelectric_db,17.79227620624862,12.79227620624862,0.3861365830055794,0.008130081300813009,1.0
0,bw,10,10.0,False,snr_beat_residual_db,18.798987193153167,8.798987193153167,0.15954131454998333,0.0,1.0
0,bw,10,10.0,False,snr_hsc_db,16.280378523055496,6.2803785230554965,0.15954131454998333,0.0,1.0
0,bw,10,10.0,False,snr_isoelectric_db,17.00617628449207,7.006176284492071,0.15954131454998333,0.0,1.0
0,bw,15,15.0,False,snr_beat_residual_db,19.66642354031995,4.6664235403199505,0.021529492500992137,0.032520325203252036,0.0
0,bw,15,15.0,False,snr_hsc_db,17.558207183909634,2.5582071839096336,0.021529492500992137,0.032520325203252036,0.0
0,bw,15,15.0,False,snr_isoelectric_db,16.700570442529667,1.700570442529667,0.021529492500992137,0.032520325203252036,0.0
0,bw,20,20.0,False,snr_beat_residual_db,20.035429625800724,0.03542962580072384,-0.16897512071657977,0.008130081300813009,0.0
0,bw,20,20.0,False,snr_hsc_db,16.95261042604498,-3.0473895739550194,-0.16897512071657977,0.008130081300813009,0.0
0,bw,20,20.0,False,snr_isoelectric_db,16.599242919617854,-3.400757080382146,-0.16897512071657977,0.008130081300813009,0.0
0,ma(emg),0,0.0,False,snr_beat_residual_db,1.3842022020785945,1.3842022020785945,0.026127629774096186,0.34959349593495936,0.0
0,ma(emg),0,0.0,False,snr_hsc_db,1.3870257747946906,1.3870257747946906,0.026127629774096186,0.34959349593495936,0.0
0,ma(emg),0,0.0,False,snr_isoelectric_db,13.390155920791301,13.390155920791301,0.026127629774096186,0.34959349593495936,0.0
0,ma(emg),5,5.0,False,snr_beat_residual_db,6.276000423507208,1.2760004235072078,-0.009712257390097307,0.24390243902439024,0.0
0,ma(emg),5,5.0,False,snr_hsc_db,5.753235105353292,0.7532351053532924,-0.009712257390097307,0.24390243902439024,0.0
0,ma(emg),5,5.0,False,snr_isoelectric_db,14.70474151134451,9.70474151134451,-0.009712257390097307,0.24390243902439024,0.0
0,ma(emg),10,10.0,False,snr_beat_residual_db,10.676694005074832,0.6766940050748325,-0.030070362607702076,0.21951219512195122,0.0
0,ma(emg),10,10.0,False,snr_hsc_db,9.100762577434404,-0.8992374225655961,-0.030070362607702076,0.21951219512195122,0.0
0,ma(emg),10,10.0,False,snr_isoelectric_db,15.837549520775173,5.837549520775173,-0.030070362607702076,0.21951219512195122,0.0
0,ma(emg),15,15.0,False,snr_beat_residual_db,14.59070121403403,-0.40929878596596936,-0.013862239167290138,0.08130081300813008,0.0
0,ma(emg),15,15.0,False,snr_hsc_db,13.645403842184434,-1.3545961578155659,-0.013862239167290138,0.08130081300813008,0.0
0,ma(emg),15,15.0,False,snr_isoelectric_db,16.04939020092357,1.0493902009235683,-0.013862239167290138,0.08130081300813008,0.0
0,ma(emg),20,20.0,False,snr_beat_residual_db,17.753539484602623,-2.246460515397377,-0.006657642666257346,0.0,0.0
0,ma(emg),20,20.0,False,snr_hsc_db,15.63935667555076,-4.36064332444924,-0.006657642666257346,0.0,0.0
0,ma(emg),20,20.0,False,snr_isoelectric_db,16.38688907750066,-3.6131109224993416,-0.006657642666257346,0.0,0.0
0,em(motion),0,0.0,False,snr_beat_residual_db,8.414167625384732,8.414167625384732,0.7426573164721624,0.12195121951219512,1.0
0,em(motion),0,0.0,False,snr_hsc_db,2.93728461372548,2.93728461372548,0.7426573164721624,0.12195121951219512,1.0
0,em(motion),0,0.0,False,snr_isoelectric_db,19.63274454689771,19.63274454689771,0.7426573164721624,0.12195121951219512,1.0
0,em(motion),5,5.0,False,snr_beat_residual_db,12.566530360377222,7.566530360377222,0.47418650573127963,0.13821138211382114,1.0
0,em(motion),5,5.0,False,snr_hsc_db,15.908016467274484,10.908016467274484,0.47418650573127963,0.13821138211382114,1.0
0,em(motion),5,5.0,False,snr_isoelectric_db,17.784447411531474,12.784447411531474,0.47418650573127963,0.13821138211382114,1.0
0,em(motion),10,10.0,False,snr_beat_residual_db,16.431393112463937,6.431393112463937,0.2795473438954119,0.0975609756097561,1.0
0,em(motion),10,10.0,False,snr_hsc_db,14.60469523521189,4.60469523521189,0.2795473438954119,0.0975609756097561,1.0
0,em(motion),10,10.0,False,snr_isoelectric_db,17.00447749954622,7.004477499546219,0.2795473438954119,0.0975609756097561,1.0
0,em(motion),15,15.0,False,snr_beat_residual_db,18.727153001372557,3.7271530013725567,0.2371292169638598,0.04878048780487805,1.0
0,em(motion),15,15.0,False,snr_hsc_db,16.593806066856306,1.593806066856306,0.2371292169638598,0.04878048780487805,1.0
0,em(motion),15,15.0,False,snr_isoelectric_db,16.698368922248584,1.6983689222485836,0.2371292169638598,0.04878048780487805,1.0
0,em(motion),20,20.0,False,snr_beat_residual_db,19.999171648026643,-0.0008283519733573996,0.06911078775368687,0.016260162601626018,0.0
0,em(motion),20,20.0,False,snr_hsc_db,17.002173737112372,-2.997826262887628,0.06911078775368687,0.016260162601626018,0.0
0,em(motion),20,20.0,False,snr_isoelectric_db,16.601076665866554,-3.398923334133446,0.06911078775368687,0.016260162601626018,0.0
0,impulse,0,0.0,False,snr_beat_residual_db,-0.6094291991773422,-0.6094291991773422,0.4394636854363344,0.27941176470588236,1.0
0,impulse,0,0.0,False,snr_hsc_db,2.050742884056488,2.050742884056488,0.4394636854363344,0.27941176470588236,1.0
0,impulse,0,0.0,False,snr_isoelectric_db,19.66939074278698,19.66939074278698,0.4394636854363344,0.27941176470588236,1.0
0,impulse,5,5.0,False,snr_beat_residual_db,2.6718759834691523,-2.3281240165308477,0.17158011347361354,0.3014705882352941,1.0
0,impulse,5,5.0,False,snr_hsc_db,5.593859426937194,0.5938594269371942,0.17158011347361354,0.3014705882352941,1.0
0,impulse,5,5.0,False,snr_isoelectric_db,17.741775508550354,12.741775508550354,0.17158011347361354,0.3014705882352941,1.0
0,impulse,10,10.0,False,snr_beat_residual_db,7.989444422919998,-2.0105555770800017,0.09299893180512668,0.1640625,0.0
0,impulse,10,10.0,False,snr_hsc_db,9.430763352586556,-0.5692366474134438,0.09299893180512668,0.1640625,0.0
0,impulse,10,10.0,False,snr_isoelectric_db,16.968996655859815,6.968996655859815,0.09299893180512668,0.1640625,0.0
0,impulse,15,15.0,False,snr_beat_residual_db,14.665751692303001,-0.3342483076969991,-0.014335826558024949,0.16260162601626016,0.0
0,impulse,15,15.0,False,snr_hsc_db,14.37776613192922,-0.6222338680707793,-0.014335826558024949,0.16260162601626016,0.0
0,impulse,15,15.0,False,snr_isoelectric_db,16.668213375433524,1.668213375433524,-0.014335826558024949,0.16260162601626016,0.0
0,impulse,20,20.0,False,snr_beat_residual_db,17.53560905901289,-2.4643909409871085,-0.03917568688913159,0.056910569105691054,0.0
0,impulse,20,20.0,False,snr_hsc_db,15.315017762122196,-4.684982237877804,-0.03917568688913159,0.056910569105691054,0.0
0,impulse,20,20.0,False,snr_isoelectric_db,16.548298722798204,-3.4517012772017956,-0.03917568688913159,0.056910569105691054,0.0
0,mixed,0,0.0,False,snr_beat_residual_db,9.97222894123839,9.97222894123839,-0.13032539550296668,0.056910569105691054,0.0
0,mixed,0,0.0,False,snr_hsc_db,7.186243474291655,7.186243474291655,-0.13032539550296668,0.056910569105691054,0.0
0,mixed,0,0.0,False,snr_isoelectric_db,19.614234752947198,19.614234752947198,-0.13032539550296668,0.056910569105691054,0.0
0,mixed,5,5.0,False,snr_beat_residual_db,3.497551188790038,-1.502448811209962,0.13336626320613273,0.291044776119403,0.0
0,mixed,5,5.0,False,snr_hsc_db,1.6444383431871663,-3.3555616568128337,0.13336626320613273,0.291044776119403,0.0
0,mixed,5,5.0,False,snr_isoelectric_db,17.76813418126554,12.768134181265541,0.13336626320613273,0.291044776119403,0.0
0,mixed,10,10.0,False,snr_beat_residual_db,10.582753131990367,0.5827531319903674,-0.03205482024589691,0.21951219512195122,0.0
0,mixed,10,10.0,False,snr_hsc_db,9.475023798346244,-0.5249762016537556,-0.03205482024589691,0.21951219512195122,0.0
0,mixed,10,10.0,False,snr_isoelectric_db,15.690807019434628,5.690807019434628,-0.03205482024589691,0.21951219512195122,0.0
0,mixed,15,15.0,False,snr_beat_residual_db,15.01203476077375,0.012034760773749653,-0.0016396930354491417,0.008130081300813009,0.0
0,mixed,15,15.0,False,snr_hsc_db,14.390460578148645,-0.6095394218513555,-0.0016396930354491417,0.008130081300813009,0.0
0,mixed,15,15.0,False,snr_isoelectric_db,12.647901650814795,-2.352098349185205,-0.0016396930354491417,0.008130081300813009,0.0
0,mixed,20,20.0,False,snr_beat_residual_db,17.81621044294375,-2.183789557056251,-0.05726067000939965,0.056910569105691054,0.0
0,mixed,20,20.0,False,snr_hsc_db,15.16869281025495,-4.831307189745051,-0.05726067000939965,0.056910569105691054,0.0
0,mixed,20,20.0,False,snr_isoelectric_db,16.55488656803126,-3.445113431968739,-0.05726067000939965,0.056910569105691054,0.0
1,awgn,0,0.0,False,snr_beat_residual_db,1.20667039730233,1.20667039730233,-0.015327397663984173,0.0,0.0
1,awgn,0,0.0,False,snr_hsc_db,0.6784811130387974,0.6784811130387974,-0.015327397663984173,0.0,0.0
1,awgn,0,0.0,False,snr_isoelectric_db,0.3999069056838261,0.3999069056838261,-0.015327397663984173,0.0,0.0
1,awgn,5,5.0,False,snr_beat_residual_db,6.002073781655751,1.002073781655751,-0.01480062930755759,0.0,0.0
1,awgn,5,5.0,False,snr_hsc_db,6.805582250992632,1.8055822509926323,-0.01480062930755759,0.0,0.0
1,awgn,5,5.0,False,snr_isoelectric_db,5.013699471198423,0.013699471198423296,-0.01480062930755759,0.0,0.0
1,awgn,10,10.0,False,snr_beat_residual_db,10.709753830006608,0.7097538300066084,0.025344261127889234,0.0,0.0
1,awgn,10,10.0,False,snr_hsc_db,10.631310228010697,0.6313102280106975,0.025344261127889234,0.0,0.0
1,awgn,10,10.0,False,snr_isoelectric_db,9.398809248637114,-0.6011907513628856,0.025344261127889234,0.0,0.0
1,awgn,15,15.0,False,snr_beat_residual_db,14.717728792042358,-0.28227120795764193,0.004380149835212512,0.0072992700729927005,0.0
1,awgn,15,15.0,False,snr_hsc_db,16.40164218186395,1.4016421818639486,0.004380149835212512,0.0072992700729927005,0.0
1,awgn,15,15.0,False,snr_isoelectric_db,12.79453795607219,-2.2054620439278096,0.004380149835212512,0.0072992700729927005,0.0
1,awgn,20,20.0,False,snr_beat_residual_db,17.591254173073306,-2.408745826926694,0.01790283885577795,0.029197080291970802,0.0
1,awgn,20,20.0,False,snr_hsc_db,20.268038726783253,0.2680387267832529,0.01790283885577795,0.029197080291970802,0.0
1,awgn,20,20.0,False,snr_isoelectric_db,14.98885390198357,-5.011146098016431,0.01790283885577795,0.029197080291970802,0.0
1,pli,0,0.0,False,snr_beat_residual_db,10.455038083178096,10.455038083178096,0.17817436345756962,0.0,1.0
1,pli,0,0.0,False,snr_hsc_db,7.935028073948355,7.935028073948355,0.17817436345756962,0.0,1.0
1,pli,0,0.0,False,snr_isoelectric_db,-0.17641016477008362,-0.17641016477008362,0.17817436345756962,0.0,1.0
1,pli,5,5.0,False,snr_beat_residual_db,9.444526180317213,4.444526180317213,0.4287938606520626,0.0,1.0
1,pli,5,5.0,False,snr_hsc_db,12.267600114032565,7.267600114032565,0.4287938606520626,0.0,1.0
1,pli,5,5.0,False,snr_isoelectric_db,4.63232575365908,-0.36767424634092016,0.4287938606520626,0.0,1.0
1,pli,10,10.0,False,snr_beat_residual_db,10.679876131049486,0.6798761310494861,0.1467441574261617,0.0,0.0
1,pli,10,10.0,False,snr_hsc_db,9.802367800714741,-0.197632199285259,0.1467441574261617,0.0,0.0
1,pli,10,10.0,False,snr_isoelectric_db,9.058441890133341,-0.9415581098666586,0.1467441574261617,0.0,0.0
1,pli,15,15.0,False,snr_beat_residual_db,14.66021341307318,-0.3397865869268202,0.09362031830395462,0.0,0.0
1,pli,15,15.0,False,snr_hsc_db,13.404889261849775,-1.5951107381502254,0.09362031830395462,0.0,0.0
1,pli,15,15.0,False,snr_isoelectric_db,12.645726272945277,-2.354273727054723,0.09362031830395462,0.0,0.0
1,pli,20,20.0,False,snr_beat_residual_db,17.60428469971564,-2.3957153002843583,0.10031923429354882,0.043795620437956206,0.0
1,pli,20,20.0,False,snr_hsc_db,19.833133466921357,-0.1668665330786432,0.10031923429354882,0.043795620437956206,0.0
1,pli,20,20.0,False,snr_isoelectric_db,14.904766551867697,-5.095233448132303,0.10031923429354882,0.043795620437956206,0.0
1,bw,0,0.0,False,snr_beat_residual_db,9.943152332225834,9.943152332225834,-0.20044631731917587,0.0072992700729927005,1.0
1,bw,0,0.0,False,snr_hsc_db,24.395783484525158,24.395783484525158,-0.20044631731917587,0.0072992700729927005,1.0
1,bw,0,0.0,False,snr_isoelectric_db,19.65547948804175,19.65547948804175,-0.20044631731917587,0.0072992700729927005,1.0
1,bw,5,5.0,False,snr_beat_residual_db,13.98334105449419,8.98334105449419,-0.1819548345121915,0.0072992700729927005,0.0
1,bw,5,5.0,False,snr_hsc_db,26.290805261134885,21.290805261134885,-0.1819548345121915,0.0072992700729927005,0.0
1,bw,5,5.0,False,snr_isoelectric_db,17.76238941595312,12.76238941595312,-0.1819548345121915,0.0072992700729927005,0.0
1,bw,10,10.0,False,snr_beat_residual_db,17.605486035848966,7.6054860358489655,0.10377647565432754,0.014598540145985401,1.0
1,bw,10,10.0,False,snr_hsc_db,32.35038814433908,22.350388144339078,0.10377647565432754,0.014598540145985401,1.0
1,bw,10,10.0,False,snr_isoelectric_db,16.981705687024576,6.981705687024576,0.10377647565432754,0.014598540145985401,1.0
1,bw,15,15.0,False,snr_beat_residual_db,19.045445366768888,4.045445366768888,-0.013286350547714815,0.0072992700729927005,1.0
1,bw,15,15.0,False,snr_hsc_db,27.58784202603312,12.587842026033119,-0.013286350547714815,0.0072992700729927005,1.0
1,bw,15,15.0,False,snr_isoelectric_db,16.688450233112594,1.6884502331125937,-0.013286350547714815,0.0072992700729927005,1.0
1,bw,20,20.0,False,snr_beat_residual_db,19.947109534008774,-0.05289046599122571,0.3234862159172777,0.0364963503649635,1.0
1,bw,20,20.0,False,snr_hsc_db,28.344451581538376,8.344451581538376,0.3234862159172777,0.0364963503649635,1.0
1,bw,20,20.0,False,snr_isoelectric_db,16.589198762026466,-3.4108012379735335,0.3234862159172777,0.0364963503649635,1.0
1,ma(emg),0,0.0,False,snr_beat_residual_db,0.7983684542587239,0.7983684542587239,0.02246433025584827,0.08029197080291971,0.0
1,ma(emg),0,0.0,False,snr_hsc_db,0.3692578109911881,0.3692578109911881,0.02246433025584827,0.08029197080291971,0.0
1,ma(emg),0,0.0,False,snr_isoelectric_db,13.755030967498556,13.755030967498556,0.02246433025584827,0.08029197080291971,0.0
1,ma(emg),5,5.0,False,snr_beat_residual_db,5.518395764925153,0.5183957649251534,0.04071174963951032,0.25547445255474455,0.0
1,ma(emg),5,5.0,False,snr_hsc_db,6.316787800944649,1.316787800944649,0.04071174963951032,0.25547445255474455,0.0
1,ma(emg),5,5.0,False,snr_isoelectric_db,15.05420180583205,10.05420180583205,0.04071174963951032,0.25547445255474455,0.0
1,ma(emg),10,10.0,False,snr_beat_residual_db,10.522434129271934,0.5224341292719341,0.02099906140904635,0.145985401459854,0.0
1,ma(emg),10,10.0,False,snr_hsc_db,11.211865353729982,1.2118653537299817,0.02099906140904635,0.145985401459854,0.0
1,ma(emg),10,10.0,False,snr_isoelectric_db,15.881576462497684,5.881576462497684,0.02099906140904635,0.145985401459854,0.0
1,ma(emg),15,15.0,False,snr_beat_residual_db,14.710993916528741,-0.2890060834712589,0.009600471638130097,0.058394160583941604,0.0
1,ma(emg),15,15.0,False,snr_hsc_db,16.08424337868516,1.0842433786851586,0.009600471638130097,0.058394160583941604,0.0
1,ma(emg),15,15.0,False,snr_isoelectric_db,16.19301103607593,1.19301103607593,0.009600471638130097,0.058394160583941604,0.0
1,ma(emg),20,20.0,False,snr_beat_residual_db,17.62417660978447,-2.3758233902155297,0.007994592979368166,0.014598540145985401,0.0
1,ma(emg),20,20.0,False,snr_hsc_db,21.51114613467118,1.5111461346711792,0.007994592979368166,0.014598540145985401,0.0
1,ma(emg),20,20.0,False,snr_isoelectric_db,16.34057431946181,-3.6594256805381917,0.007994592979368166,0.014598540145985401,0.0
1,em(motion),0,0.0,False,snr_beat_residual_db,8.549967445293657,8.549967445293657,0.5948694319378789,0.19708029197080293,1.0
1,em(motion),0,0.0,False,snr_hsc_db,14.837989559861775,14.837989559861775,0.5948694319378789,0.19708029197080293,1.0
1,em(motion),0,0.0,False,snr_isoelectric_db,19.594776050876707,19.594776050876707,0.5948694319378789,0.19708029197080293,1.0
1,em(motion),5,5.0,False,snr_beat_residual_db,13.585126755402882,8.585126755402882,0.616484895419319,0.072992700729927,1.0
1,em(motion),5,5.0,False,snr_hsc_db,11.928944842199414,6.928944842199414,0.616484895419319,0.072992700729927,1.0
1,em(motion),5,5.0,False,snr_isoelectric_db,17.79719955377781,12.797199553777808,0.616484895419319,0.072992700729927,1.0
1,em(motion),10,10.0,False,snr_beat_residual_db,16.152804342636426,6.152804342636426,0.35629241392747346,0.072992700729927,1.0
1,em(motion),10,10.0,False,snr_hsc_db,17.00269808736478,7.002698087364781,0.35629241392747346,0.072992700729927,1.0
1,em(motion),10,10.0,False,snr_isoelectric_db,16.978840577198802,6.9788405771988025,0.35629241392747346,0.072992700729927,1.0
1,em(motion),15,15.0,False,snr_beat_residual_db,18.168215956614986,3.1682159566149863,0.25803507992120733,0.043795620437956206,1.0
1,em(motion),15,15.0,False,snr_hsc_db,24.31432627618221,9.31432627618221,0.25803507992120733,0.043795620437956206,1.0
1,em(motion),15,15.0,False,snr_isoelectric_db,16.67431503013291,1.6743150301329095,0.25803507992120733,0.043795620437956206,1.0
1,em(motion),20,20.0,False,snr_beat_residual_db,19.64603628971735,-0.35396371028264895,0.2423940855234371,0.043795620437956206,1.0
1,em(motion),20,20.0,False,snr_hsc_db,28.7916156313945,8.7916156313945,0.2423940855234371,0.043795620437956206,1.0
1,em(motion),20,20.0,False,snr_isoelectric_db,16.619199953856075,-3.380800046143925,0.2423940855234371,0.043795620437956206,1.0
1,impulse,0,0.0,False,snr_beat_residual_db,-1.2819860170608748,-1.2819860170608748,0.4145292161615043,0.3181818181818182,1.0
1,impulse,0,0.0,False,snr_hsc_db,2.163387666749362,2.163387666749362,0.4145292161615043,0.3181818181818182,1.0
1,impulse,0,0.0,False,snr_isoelectric_db,19.681925010457565,19.681925010457565,0.4145292161615043,0.3181818181818182,1.0
1,impulse,5,5.0,False,snr_beat_residual_db,2.8469320818811217,-2.1530679181188783,0.28428401663560227,0.26666666666666666,1.0
1,impulse,5,5.0,False,snr_hsc_db,3.1274742608018578,-1.8725257391981422,0.28428401663560227,0.26666666666666666,1.0
1,impulse,5,5.0,False,snr_isoelectric_db,17.669839071879437,12.669839071879437,0.28428401663560227,0.26666666666666666,1.0
1,impulse,10,10.0,False,snr_beat_residual_db,8.464746803801631,-1.5352531961983686,0.10449525740213814,0.14285714285714285,0.0
1,impulse,10,10.0,False,snr_hsc_db,8.984663044665368,-1.0153369553346323,0.10449525740213814,0.14285714285714285,0.0
1,impulse,10,10.0,False,snr_isoelectric_db,16.947882112040094,6.947882112040094,0.10449525740213814,0.14285714285714285,0.0
1,impulse,15,15.0,False,snr_beat_residual_db,14.442670847435968,-0.5573291525640318,0.007697522069225748,0.13138686131386862,0.0
1,impulse,15,15.0,False,snr_hsc_db,16.014335088072755,1.0143350880727553,0.007697522069225748,0.13138686131386862,0.0
1,impulse,15,15.0,False,snr_isoelectric_db,16.58319060676222,1.5831906067622192,0.007697522069225748,0.13138686131386862,0.0
1,impulse,20,20.0,False,snr_beat_residual_db,17.342504713644374,-2.6574952863556263,0.01621684303283916,0.072992700729927,0.0
1,impulse,20,20.0,False,snr_hsc_db,19.943891531918524,-0.05610846808147585,0.01621684303283916,0.072992700729927,0.0
1,impulse,20,20.0,False,snr_isoelectric_db,16.51998277442712,-3.4800172255728796,0.01621684303283916,0.072992700729927,0.0
1,mixed,0,0.0,False,snr_beat_residual_db,0.8522775782890777,0.8522775782890777,0.10671594031067844,0.29605263157894735,0.0
1,mixed,0,0.0,False,snr_hsc_db,0.9393161425792502,0.9393161425792502,0.10671594031067844,0.29605263157894735,0.0
1,mixed,0,0.0,False,snr_isoelectric_db,11.580411366967102,11.580411366967102,0.10671594031067844,0.29605263157894735,0.0
1,mixed,5,5.0,False,snr_beat_residual_db,8.681834466692106,3.6818344666921057,0.13619031704800583,0.0,0.0
1,mixed,5,5.0,False,snr_hsc_db,8.769028050023698,3.7690280500236977,0.13619031704800583,0.0,0.0
1,mixed,5,5.0,False,snr_isoelectric_db,6.389926011895617,1.389926011895617,0.13619031704800583,0.0,0.0
1,mixed,10,10.0,False,snr_beat_residual_db,8.441225392200819,-1.5587746077991813,0.06312633946962468,0.21428571428571427,0.0
1,mixed,10,10.0,False,snr_hsc_db,8.665798356373307,-1.3342016436266935,0.06312633946962468,0.21428571428571427,0.0
1,mixed,10,10.0,False,snr_isoelectric_db,16.90925900828531,6.909259008285311,0.06312633946962468,0.21428571428571427,0.0
1,mixed,15,15.0,False,snr_beat_residual_db,14.834613312236488,-0.16538668776351173,0.04259013294016002,0.0364963503649635,0.0
1,mixed,15,15.0,False,snr_hsc_db,14.194458890255842,-0.8055411097441585,0.04259013294016002,0.0364963503649635,0.0
1,mixed,15,15.0,False,snr_isoelectric_db,14.19057030954759,-0.8094296904524096,0.04259013294016002,0.0364963503649635,0.0
1,mixed,20,20.0,False,snr_beat_residual_db,17.67147578277371,-2.3285242172262883,0.02021370176612644,0.051094890510948905,0.0
1,mixed,20,20.0,False,snr_hsc_db,21.61353278690266,1.6135327869026597,0.02021370176612644,0.051094890510948905,0.0
1,mixed,20,20.0,False,snr_isoelectric_db,14.916147764746377,-5.083852235253623,0.02021370176612644,0.051094890510948905,0.0
2,awgn,0,0.0,False,snr_beat_residual_db,0.8969961285570822,0.8969961285570822,-0.002338893634571369,0.0,0.0
2,awgn,0,0.0,False,snr_hsc_db,1.1169163212266515,1.1169163212266515,-0.002338893634571369,0.0,0.0
2,awgn,0,0.0,False,snr_isoelectric_db,0.3613975664188075,0.3613975664188075,-0.002338893634571369,0.0,0.0
2,awgn,5,5.0,False,snr_beat_residual_db,5.811722653460673,0.8117226534606727,0.01051046413082975,0.0,0.0
2,awgn,5,5.0,False,snr_hsc_db,6.146280766862525,1.1462807668625246,0.01051046413082975,0.0,0.0
2,awgn,5,5.0,False,snr_isoelectric_db,4.836917050359887,-0.16308294964011338,0.01051046413082975,0.0,0.0
2,awgn,10,10.0,False,snr_beat_residual_db,10.485069661807929,0.48506966180792865,0.013065141022998904,0.006622516556291391,0.0
2,awgn,10,10.0,False,snr_hsc_db,11.620390346905536,1.6203903469055358,0.013065141022998904,0.006622516556291391,0.0
2,awgn,10,10.0,False,snr_isoelectric_db,9.14047397070136,-0.8595260292986406,0.013065141022998904,0.006622516556291391,0.0
2,awgn,15,15.0,False,snr_beat_residual_db,14.642135036508954,-0.35786496349104624,0.020351936052287797,0.019867549668874173,0.0
2,awgn,15,15.0,False,snr_hsc_db,15.874821730285076,0.8748217302850758,0.020351936052287797,0.019867549668874173,0.0
2,awgn,15,15.0,False,snr_isoelectric_db,12.95926022846798,-2.040739771532021,0.020351936052287797,0.019867549668874173,0.0
2,awgn,20,20.0,False,snr_beat_residual_db,17.718746308825,-2.2812536911749994,0.04762852875810826,0.033112582781456956,0.0
2,awgn,20,20.0,False,snr_hsc_db,19.077217965213183,-0.9227820347868168,0.04762852875810826,0.033112582781456956,0.0
2,awgn,20,20.0,False,snr_isoelectric_db,14.98926360154167,-5.010736398458331,0.04762852875810826,0.033112582781456956,0.0
2,pli,0,0.0,False,snr_beat_residual_db,10.241605433543624,10.241605433543624,0.07636222160649567,0.0,0.0
2,pli,0,0.0,False,snr_hsc_db,12.814427104837943,12.814427104837943,0.07636222160649567,0.0,0.0
2,pli,0,0.0,False,snr_isoelectric_db,-0.13304332284479353,-0.13304332284479353,0.07636222160649567,0.0,0.0
2,pli,5,5.0,False,snr_beat_residual_db,8.54946672897282,3.5494667289728206,0.06941893965257048,0.0,1.0
2,pli,5,5.0,False,snr_hsc_db,18.46517239731918,13.46517239731918,0.06941893965257048,0.0,1.0
2,pli,5,5.0,False,snr_isoelectric_db,4.618492854923336,-0.3815071450766636,0.06941893965257048,0.0,1.0
2,pli,10,10.0,False,snr_beat_residual_db,10.467464245648351,0.4674642456483511,0.058829271553069426,0.0,0.0
2,pli,10,10.0,False,snr_hsc_db,13.11759753435043,3.1175975343504305,0.058829271553069426,0.0,0.0
2,pli,10,10.0,False,snr_isoelectric_db,9.050289694928782,-0.9497103050712177,0.058829271553069426,0.0,0.0
2,pli,15,15.0,False,snr_beat_residual_db,14.584086926295372,-0.41591307370462793,0.026049919910663133,0.0,0.0
2,pli,15,15.0,False,snr_hsc_db,19.173103757839776,4.173103757839776,0.026049919910663133,0.0,0.0
2,pli,15,15.0,False,snr_isoelectric_db,12.65977103845114,-2.34022896154886,0.026049919910663133,0.0,0.0
2,pli,20,20.0,False,snr_beat_residual_db,17.743999723305382,-2.2560002766946177,0.13110721608360137,0.026490066225165563,0.0
2,pli,20,20.0,False,snr_hsc_db,19.20213474014568,-0.7978652598543192,0.13110721608360137,0.026490066225165563,0.0
2,pli,20,20.0,False,snr_isoelectric_db,14.941989877003381,-5.058010122996619,0.13110721608360137,0.026490066225165563,0.0
2,bw,0,0.0,False,snr_beat_residual_db,10.205130127250701,10.205130127250701,0.5673908642232893,0.006622516556291391,1.0
2,bw,0,0.0,False,snr_hsc_db,21.59156661384394,21.59156661384394,0.5673908642232893,0.006622516556291391,1.0
2,bw,0,0.0,False,snr_isoelectric_db,19.57993134061771,19.57993134061771,0.5673908642232893,0.006622516556291391,1.0
2,bw,5,5.0,False,snr_beat_residual_db,14.138633885155015,9.138633885155015,0.20581522348230558,0.0,1.0
2,bw,5,5.0,False,snr_hsc_db,23.423860994685,18.423860994685,0.20581522348230558,0.0,1.0
2,bw,5,5.0,False,snr_isoelectric_db,17.755412104083362,12.755412104083362,0.20581522348230558,0.0,1.0
2,bw,10,10.0,False,snr_beat_residual_db,18.70252358943321,8.70252358943321,0.5153070023321035,0.013245033112582781,1.0
2,bw,10,10.0,False,snr_hsc_db,25.744327108235822,15.744327108235822,0.5153070023321035,0.013245033112582781,1.0
2,bw,10,10.0,False,snr_isoelectric_db,16.940375704844826,6.940375704844826,0.5153070023321035,0.013245033112582781,1.0
2,bw,15,15.0,False,snr_beat_residual_db,19.191052953792912,4.191052953792912,0.11319142366656917,0.019867549668874173,0.0
2,bw,15,15.0,False,snr_hsc_db,26.62035501752857,11.62035501752857,0.11319142366656917,0.019867549668874173,0.0
2,bw,15,15.0,False,snr_isoelectric_db,16.670601299434246,1.6706012994342458,0.11319142366656917,0.019867549668874173,0.0
2,bw,20,20.0,False,snr_beat_residual_db,20.30276941967128,0.3027694196712787,0.35264956358107735,0.033112582781456956,1.0
2,bw,20,20.0,False,snr_hsc_db,25.207060685433056,5.207060685433056,0.35264956358107735,0.033112582781456956,1.0
2,bw,20,20.0,False,snr_isoelectric_db,16.593632643959072,-3.4063673560409278,0.35264956358107735,0.033112582781456956,1.0
2,ma(emg),0,0.0,False,snr_beat_residual_db,0.6695894440639748,0.6695894440639748,0.03009788966394425,0.3509933774834437,0.0
2,ma(emg),0,0.0,False,snr_hsc_db,1.582567786743201,1.582567786743201,0.03009788966394425,0.3509933774834437,0.0
2,ma(emg),0,0.0,False,snr_isoelectric_db,12.712903925351743,12.712903925351743,0.03009788966394425,0.3509933774834437,0.0
2,ma(emg),5,5.0,False,snr_beat_residual_db,5.410435495007367,0.4104354950073672,0.024482620703593565,0.31788079470198677,0.0
2,ma(emg),5,5.0,False,snr_hsc_db,4.969311678403711,-0.03068832159628876,0.024482620703593565,0.31788079470198677,0.0
2,ma(emg),5,5.0,False,snr_isoelectric_db,14.47396717528768,9.47396717528768,0.024482620703593565,0.31788079470198677,0.0
2,ma(emg),10,10.0,False,snr_beat_residual_db,10.12027868813515,0.12027868813514964,0.012803314940125961,0.271523178807947,0.0
2,ma(emg),10,10.0,False,snr_hsc_db,9.64475259514436,-0.3552474048556409,0.012803314940125961,0.271523178807947,0.0
2,ma(emg),10,10.0,False,snr_isoelectric_db,15.5949580313949,5.594958031394899,0.012803314940125961,0.271523178807947,0.0
2,ma(emg),15,15.0,False,snr_beat_residual_db,14.435723313028394,-0.5642766869716063,0.017584737601804366,0.07947019867549669,0.0
2,ma(emg),15,15.0,False,snr_hsc_db,15.108391355136398,0.10839135513639775,0.017584737601804366,0.07947019867549669,0.0
2,ma(emg),15,15.0,False,snr_isoelectric_db,16.1193434758484,1.1193434758483995,0.017584737601804366,0.07947019867549669,0.0
2,ma(emg),20,20.0,False,snr_beat_residual_db,17.735609899363183,-2.264390100636817,0.10169333897864852,0.033112582781456956,0.0
2,ma(emg),20,20.0,False,snr_hsc_db,19.91207503976162,-0.0879249602383787,0.10169333897864852,0.033112582781456956,0.0
2,ma(emg),20,20.0,False,snr_isoelectric_db,16.348145008193892,-3.6518549918061076,0.10169333897864852,0.033112582781456956,0.0
2,em(motion),0,0.0,False,snr_beat_residual_db,8.49105553487782,8.49105553487782,0.5764378225068149,0.17880794701986755,1.0
2,em(motion),0,0.0,False,snr_hsc_db,9.61954721292437,9.61954721292437,0.5764378225068149,0.17880794701986755,1.0
2,em(motion),0,0.0,False,snr_isoelectric_db,19.603666886492856,19.603666886492856,0.5764378225068149,0.17880794701986755,1.0
2,em(motion),5,5.0,False,snr_beat_residual_db,12.5310628496992,7.5310628496992,0.7202228084306463,0.13245033112582782,1.0
2,em(motion),5,5.0,False,snr_hsc_db,12.92362001483422,7.923620014834221,0.7202228084306463,0.13245033112582782,1.0
2,em(motion),5,5.0,False,snr_isoelectric_db,17.715506210495665,12.715506210495665,0.7202228084306463,0.13245033112582782,1.0
2,em(motion),10,10.0,False,snr_beat_residual_db,15.477704954066922,5.4777049540669225,0.4227122591545871,0.08609271523178808,1.0
2,em(motion),10,10.0,False,snr_hsc_db,13.526135830471347,3.526135830471347,0.4227122591545871,0.08609271523178808,1.0
2,em(motion),10,10.0,False,snr_isoelectric_db,16.937672192205795,6.937672192205795,0.4227122591545871,0.08609271523178808,1.0
2,em(motion),15,15.0,False,snr_beat_residual_db,18.418474690893646,3.418474690893646,0.4162445513910612,0.059602649006622516,1.0
2,em(motion),15,15.0,False,snr_hsc_db,25.385112805922038,10.385112805922038,0.4162445513910612,0.059602649006622516,1.0
2,em(motion),15,15.0,False,snr_isoelectric_db,16.667869708940973,1.667869708940973,0.4162445513910612,0.059602649006622516,1.0
2,em(motion),20,20.0,False,snr_beat_residual_db,19.81574268100971,-0.18425731899029074,0.3125839744621465,0.039735099337748346,1.0
2,em(motion),20,20.0,False,snr_hsc_db,26.03650376162924,6.036503761629241,0.3125839744621465,0.039735099337748346,1.0
2,em(motion),20,20.0,False,snr_isoelectric_db,16.576173880105504,-3.423826119894496,0.3125839744621465,0.039735099337748346,1.0
2,impulse,0,0.0,False,snr_beat_residual_db,-1.8256424107784142,-1.8256424107784142,0.35487919822158254,0.34523809523809523,1.0
2,impulse,0,0.0,False,snr_hsc_db,-2.2572411804153885,-2.2572411804153885,0.35487919822158254,0.34523809523809523,1.0
2,impulse,0,0.0,False,snr_isoelectric_db,19.599921712290666,19.599921712290666,0.35487919822158254,0.34523809523809523,1.0
2,impulse,5,5.0,False,snr_beat_residual_db,2.690643505748561,-2.309356494251439,0.2863702154615096,0.27439024390243905,1.0
2,impulse,5,5.0,False,snr_hsc_db,4.404339476346657,-0.5956605236533434,0.2863702154615096,0.27439024390243905,1.0
2,impulse,5,5.0,False,snr_isoelectric_db,17.748087478098768,12.748087478098768,0.2863702154615096,0.27439024390243905,1.0
2,impulse,10,10.0,False,snr_beat_residual_db,8.308578047842737,-1.6914219521572633,0.15587620032020824,0.1935483870967742,1.0
2,impulse,10,10.0,False,snr_hsc_db,7.928223834621194,-2.0717761653788056,0.15587620032020824,0.1935483870967742,1.0
2,impulse,10,10.0,False,snr_isoelectric_db,16.918747928812387,6.918747928812387,0.15587620032020824,0.1935483870967742,1.0
2,impulse,15,15.0,False,snr_beat_residual_db,12.947855733841692,-2.052144266158308,0.07489981673557315,0.13815789473684212,0.0
2,impulse,15,15.0,False,snr_hsc_db,13.876832777471911,-1.1231672225280889,0.07489981673557315,0.13815789473684212,0.0
2,impulse,15,15.0,False,snr_isoelectric_db,16.643029719621296,1.6430297196212962,0.07489981673557315,0.13815789473684212,0.0
2,impulse,20,20.0,False,snr_beat_residual_db,17.429315614665576,-2.570684385334424,0.11052680383626873,0.06622516556291391,0.0
2,impulse,20,20.0,False,snr_hsc_db,19.47118778185937,-0.5288122181406294,0.11052680383626873,0.06622516556291391,0.0
2,impulse,20,20.0,False,snr_isoelectric_db,16.571298048418996,-3.4287019515810044,0.11052680383626873,0.06622516556291391,0.0
2,mixed,0,0.0,False,snr_beat_residual_db,-0.8311726043195945,-0.8311726043195945,0.4444341598542989,0.27607361963190186,1.0
2,mixed,0,0.0,False,snr_hsc_db,-4.436044682420556,-4.436044682420556,0.4444341598542989,0.27607361963190186,1.0
2,mixed,0,0.0,False,snr_isoelectric_db,19.69916969160514,19.69916969160514,0.4444341598542989,0.27607361963190186,1.0
2,mixed,5,5.0,False,snr_beat_residual_db,12.764291754197698,7.764291754197698,0.6473719538620423,0.1390728476821192,1.0
2,mixed,5,5.0,False,snr_hsc_db,13.20819843796166,8.20819843796166,0.6473719538620423,0.1390728476821192,1.0
2,mixed,5,5.0,False,snr_isoelectric_db,17.778917264763994,12.778917264763994,0.6473719538620423,0.1390728476821192,1.0
2,mixed,10,10.0,False,snr_beat_residual_db,10.214474146060093,0.21447414606009296,0.19689847679612965,0.16339869281045752,1.0
2,mixed,10,10.0,False,snr_hsc_db,11.447403577625106,1.4474035776251064,0.19689847679612965,0.16339869281045752,1.0
2,mixed,10,10.0,False,snr_isoelectric_db,16.955489062731544,6.955489062731544,0.19689847679612965,0.16339869281045752,1.0
2,mixed,15,15.0,False,snr_beat_residual_db,18.60305233439381,3.6030523343938086,0.3484483572611545,0.059602649006622516,1.0
2,mixed,15,15.0,False,snr_hsc_db,21.95209827930789,6.95209827930789,0.3484483572611545,0.059602649006622516,1.0
2,mixed,15,15.0,False,snr_isoelectric_db,16.698775923385334,1.698775923385334,0.3484483572611545,0.059602649006622516,1.0
2,mixed,20,20.0,False,snr_beat_residual_db,17.808991569549384,-2.1910084304506157,0.10538365324266004,0.033112582781456956,0.0
2,mixed,20,20.0,False,snr_hsc_db,20.060549456082487,0.060549456082487296,0.10538365324266004,0.033112582781456956,0.0
2,mixed,20,20.0,False,snr_isoelectric_db,15.893968909082828,-4.106031090917172,0.10538365324266004,0.033112582781456956,0.0
3,awgn,0,0.0,False,snr_beat_residual_db,0.6516679299489962,0.6516679299489962,-0.016527521921979756,0.0,0.0
3,awgn,0,0.0,False,snr_hsc_db,1.5069543827914842,1.5069543827914842,-0.016527521921979756,0.0,0.0
3,awgn,0,0.0,False,snr_isoelectric_db,0.29434589434320096,0.29434589434320096,-0.016527521921979756,0.0,0.0
3,awgn,5,5.0,False,snr_beat_residual_db,5.379529148335167,0.37952914833516704,0.006782989756563088,0.0,0.0
3,awgn,5,5.0,False,snr_hsc_db,5.355935181625706,0.35593518162570614,0.006782989756563088,0.0,0.0
3,awgn,5,5.0,False,snr_isoelectric_db,4.8047553378505725,-0.19524466214942748,0.006782989756563088,0.0,0.0
3,awgn,10,10.0,False,snr_beat_residual_db,10.042744842422668,0.04274484242266752,0.012136027194809171,0.0,0.0
3,awgn,10,10.0,False,snr_hsc_db,10.934359978678486,0.9343599786784864,0.012136027194809171,0.0,0.0
3,awgn,10,10.0,False,snr_isoelectric_db,9.141853220621186,-0.8581467793788136,0.012136027194809171,0.0,0.0
3,awgn,15,15.0,False,snr_beat_residual_db,14.297469902154589,-0.7025300978454112,0.014290538795086523,0.01818181818181818,0.0
3,awgn,15,15.0,False,snr_hsc_db,15.334777441626903,0.3347774416269029,0.014290538795086523,0.01818181818181818,0.0
3,awgn,15,15.0,False,snr_isoelectric_db,12.876642144504611,-2.1233578554953887,0.014290538795086523,0.01818181818181818,0.0
3,awgn,20,20.0,False,snr_beat_residual_db,17.391016316212546,-2.6089836837874536,0.057913828356216335,0.04242424242424243,0.0
3,awgn,20,20.0,False,snr_hsc_db,17.82808103472959,-2.171918965270411,0.057913828356216335,0.04242424242424243,0.0
3,awgn,20,20.0,False,snr_isoelectric_db,14.843210581039978,-5.156789418960022,0.057913828356216335,0.04242424242424243,0.0
3,pli,0,0.0,False,snr_beat_residual_db,9.528503149552884,9.528503149552884,0.23094607048677718,0.0,1.0
3,pli,0,0.0,False,snr_hsc_db,14.219326043121896,14.219326043121896,0.23094607048677718,0.0,1.0
3,pli,0,0.0,False,snr_isoelectric_db,-0.11595456105051609,-0.11595456105051609,0.23094607048677718,0.0,1.0
3,pli,5,5.0,False,snr_beat_residual_db,8.405837017699003,3.405837017699003,0.16607555523947215,0.0,1.0
3,pli,5,5.0,False,snr_hsc_db,9.024021454027157,4.024021454027157,0.16607555523947215,0.0,1.0
3,pli,5,5.0,False,snr_isoelectric_db,4.614636251249643,-0.3853637487503567,0.16607555523947215,0.0,1.0
3,pli,10,10.0,False,snr_beat_residual_db,10.05099606614445,0.050996066144449514,0.11496913211463354,0.0,1.0
3,pli,10,10.0,False,snr_hsc_db,16.212686728988675,6.212686728988675,0.11496913211463354,0.0,1.0
3,pli,10,10.0,False,snr_isoelectric_db,9.048357104210352,-0.9516428957896483,0.11496913211463354,0.0,1.0
3,pli,15,15.0,False,snr_beat_residual_db,14.227682726171233,-0.7723172738287669,0.04772312617365396,0.0,1.0
3,pli,15,15.0,False,snr_hsc_db,16.321230257633186,1.3212302576331858,0.04772312617365396,0.0,1.0
3,pli,15,15.0,False,snr_isoelectric_db,12.646192200079847,-2.353807799920153,0.04772312617365396,0.0,1.0
3,pli,20,20.0,False,snr_beat_residual_db,17.326919445863883,-2.673080554136117,0.0769430287527327,0.05454545454545454,1.0
3,pli,20,20.0,False,snr_hsc_db,19.707513053786442,-0.29248694621355753,0.0769430287527327,0.05454545454545454,1.0
3,pli,20,20.0,False,snr_isoelectric_db,14.923628380872088,-5.076371619127912,0.0769430287527327,0.05454545454545454,1.0
3,bw,0,0.0,False,snr_beat_residual_db,12.302469916816218,12.302469916816218,0.6885974429075432,0.006060606060606061,1.0
3,bw,0,0.0,False,snr_hsc_db,21.854107426741976,21.854107426741976,0.6885974429075432,0.006060606060606061,1.0
3,bw,0,0.0,False,snr_isoelectric_db,19.65421930475903,19.65421930475903,0.6885974429075432,0.006060606060606061,1.0
3,bw,5,5.0,False,snr_beat_residual_db,14.120222125738959,9.120222125738959,0.18121101960916147,0.0,1.0
3,bw,5,5.0,False,snr_hsc_db,21.104459751414907,16.104459751414907,0.18121101960916147,0.0,1.0
3,bw,5,5.0,False,snr_isoelectric_db,17.748919317278183,12.748919317278183,0.18121101960916147,0.0,1.0
3,bw,10,10.0,False,snr_beat_residual_db,16.982554623346854,6.982554623346854,0.23926110455097643,0.0,1.0
3,bw,10,10.0,False,snr_hsc_db,21.828814184991966,11.828814184991966,0.23926110455097643,0.0,1.0
3,bw,10,10.0,False,snr_isoelectric_db,16.990623918867456,6.990623918867456,0.23926110455097643,0.0,1.0
3,bw,15,15.0,False,snr_beat_residual_db,19.489915282657066,4.489915282657066,0.49151542491403244,0.012121212121212121,1.0
3,bw,15,15.0,False,snr_hsc_db,21.191662113965023,6.191662113965023,0.49151542491403244,0.012121212121212121,1.0
3,bw,15,15.0,False,snr_isoelectric_db,16.70482683669928,1.7048268366992794,0.49151542491403244,0.012121212121212121,1.0
3,bw,20,20.0,False,snr_beat_residual_db,19.852734962962245,-0.14726503703775506,0.26511008751673265,0.03636363636363636,1.0
3,bw,20,20.0,False,snr_hsc_db,20.194406933105007,0.19440693310500734,0.26511008751673265,0.03636363636363636,1.0
3,bw,20,20.0,False,snr_isoelectric_db,16.59914914542957,-3.400850854570429,0.26511008751673265,0.03636363636363636,1.0
3,ma(emg),0,0.0,False,snr_beat_residual_db,0.3604138583318309,0.3604138583318309,0.028242483105180453,0.3393939393939394,0.0
3,ma(emg),0,0.0,False,snr_hsc_db,-0.7656036252464102,-0.7656036252464102,0.028242483105180453,0.3393939393939394,0.0
3,ma(emg),0,0.0,False,snr_isoelectric_db,13.070569191607262,13.070569191607262,0.028242483105180453,0.3393939393939394,0.0
3,ma(emg),5,5.0,False,snr_beat_residual_db,5.20306332259409,0.20306332259409032,0.0026920069791457188,0.296969696969697,0.0
3,ma(emg),5,5.0,False,snr_hsc_db,4.905213603683088,-0.09478639631691177,0.0026920069791457188,0.296969696969697,0.0
3,ma(emg),5,5.0,False,snr_isoelectric_db,14.729705485762533,9.729705485762533,0.0026920069791457188,0.296969696969697,0.0
3,ma(emg),10,10.0,False,snr_beat_residual_db,9.943387317250581,-0.05661268274941911,0.02916647299895242,0.16363636363636364,0.0
3,ma(emg),10,10.0,False,snr_hsc_db,9.718066515854497,-0.2819334841455028,0.02916647299895242,0.16363636363636364,0.0
3,ma(emg),10,10.0,False,snr_isoelectric_db,15.891037831318066,5.891037831318066,0.02916647299895242,0.16363636363636364,0.0
3,ma(emg),15,15.0,False,snr_beat_residual_db,14.205114609996185,-0.7948853900038149,0.0499648348979283,0.11515151515151516,0.0
3,ma(emg),15,15.0,False,snr_hsc_db,14.05195103920947,-0.9480489607905298,0.0499648348979283,0.11515151515151516,0.0
3,ma(emg),15,15.0,False,snr_isoelectric_db,16.22068985170924,1.2206898517092384,0.0499648348979283,0.11515151515151516,0.0
3,ma(emg),20,20.0,False,snr_beat_residual_db,17.22518933225292,-2.7748106677470794,0.08753814866669671,0.03636363636363636,0.0
3,ma(emg),20,20.0,False,snr_hsc_db,17.717950494431566,-2.282049505568434,0.08753814866669671,0.03636363636363636,0.0
3,ma(emg),20,20.0,False,snr_isoelectric_db,16.36474214188181,-3.635257858118191,0.08753814866669671,0.03636363636363636,0.0
3,em(motion),0,0.0,False,snr_beat_residual_db,6.759675984359371,6.759675984359371,0.7548434476887886,0.18181818181818182,1.0
3,em(motion),0,0.0,False,snr_hsc_db,8.959552862221145,8.959552862221145,0.7548434476887886,0.18181818181818182,1.0
3,em(motion),0,0.0,False,snr_isoelectric_db,19.58817000366356,19.58817000366356,0.7548434476887886,0.18181818181818182,1.0
3,em(motion),5,5.0,False,snr_beat_residual_db,11.263651825837456,6.2636518258374565,0.692203526633207,0.12121212121212122,1.0
3,em(motion),5,5.0,False,snr_hsc_db,6.822530836090216,1.8225308360902162,0.692203526633207,0.12121212121212122,1.0
3,em(motion),5,5.0,False,snr_isoelectric_db,17.776242714914147,12.776242714914147,0.692203526633207,0.12121212121212122,1.0
3,em(motion),10,10.0,False,snr_beat_residual_db,15.292154445660586,5.292154445660586,0.5594019335715981,0.09696969696969697,1.0
3,em(motion),10,10.0,False,snr_hsc_db,15.640961321879448,5.640961321879448,0.5594019335715981,0.09696969696969697,1.0
3,em(motion),10,10.0,False,snr_isoelectric_db,16.98932088463389,6.989320884633891,0.5594019335715981,0.09696969696969697,1.0
3,em(motion),15,15.0,False,snr_beat_residual_db,18.531046770813962,3.531046770813962,0.502938469978345,0.07878787878787878,1.0
3,em(motion),15,15.0,False,snr_hsc_db,19.734470904851623,4.734470904851623,0.502938469978345,0.07878787878787878,1.0
3,em(motion),15,15.0,False,snr_isoelectric_db,16.691536142268475,1.6915361422684754,0.502938469978345,0.07878787878787878,1.0
3,em(motion),20,20.0,False,snr_beat_residual_db,19.437464928593737,-0.5625350714062627,0.4279747009385907,0.048484848484848485,1.0
3,em(motion),20,20.0,False,snr_hsc_db,21.871717547573173,1.8717175475731729,0.4279747009385907,0.048484848484848485,1.0
3,em(motion),20,20.0,False,snr_isoelectric_db,16.616246185629734,-3.383753814370266,0.4279747009385907,0.048484848484848485,1.0
3,impulse,0,0.0,False,snr_beat_residual_db,-0.6391570912263028,-0.6391570912263028,0.42570338098877797,0.3089887640449438,1.0
3,impulse,0,0.0,False,snr_hsc_db,-6.95176417651968,-6.95176417651968,0.42570338098877797,0.3089887640449438,1.0
3,impulse,0,0.0,False,snr_isoelectric_db,19.66212040968912,19.66212040968912,0.42570338098877797,0.3089887640449438,1.0
3,impulse,5,5.0,False,snr_beat_residual_db,3.0692931499615614,-1.9307068500384386,0.23096530757242406,0.2937853107344633,1.0
3,impulse,5,5.0,False,snr_hsc_db,4.5851680515394575,-0.4148319484605425,0.23096530757242406,0.2937853107344633,1.0
3,impulse,5,5.0,False,snr_isoelectric_db,17.726630337071786,12.726630337071786,0.23096530757242406,0.2937853107344633,1.0
3,impulse,10,10.0,False,snr_beat_residual_db,8.247415568931562,-1.7525844310684384,0.0981400981214607,0.15976331360946747,0.0
3,impulse,10,10.0,False,snr_hsc_db,9.675140248746864,-0.32485975125313615,0.0981400981214607,0.15976331360946747,0.0
3,impulse,10,10.0,False,snr_isoelectric_db,16.958796403990796,6.958796403990796,0.0981400981214607,0.15976331360946747,0.0
3,impulse,15,15.0,False,snr_beat_residual_db,14.319435862587806,-0.680564137412194,0.09514852638293014,0.14545454545454545,0.0
3,impulse,15,15.0,False,snr_hsc_db,14.840694728130456,-0.15930527186954357,0.09514852638293014,0.14545454545454545,0.0
3,impulse,15,15.0,False,snr_isoelectric_db,16.657645612288075,1.657645612288075,0.09514852638293014,0.14545454545454545,0.0
3,impulse,20,20.0,False,snr_beat_residual_db,17.251871439979492,-2.7481285600205076,0.13348358538866628,0.05454545454545454,0.0
3,impulse,20,20.0,False,snr_hsc_db,18.28734342228771,-1.7126565777122913,0.13348358538866628,0.05454545454545454,0.0
3,impulse,20,20.0,False,snr_isoelectric_db,16.594124271946555,-3.405875728053445,0.13348358538866628,0.05454545454545454,0.0
3,mixed,0,0.0,False,snr_beat_residual_db,-0.9708004030335449,-0.9708004030335449,0.10523636881347875,0.25555555555555554,0.0
3,mixed,0,0.0,False,snr_hsc_db,-0.8729686319755804,-0.8729686319755804,0.10523636881347875,0.25555555555555554,0.0
3,mixed,0,0.0,False,snr_isoelectric_db,17.69579936654082,17.69579936654082,0.10523636881347875,0.25555555555555554,0.0
3,mixed,5,5.0,False,snr_beat_residual_db,15.36918388357785,10.36918388357785,0.553668157911696,0.006060606060606061,1.0
3,mixed,5,5.0,False,snr_hsc_db,21.811583988145813,16.811583988145813,0.553668157911696,0.006060606060606061,1.0
3,mixed,5,5.0,False,snr_isoelectric_db,17.77121064214002,12.77121064214002,0.553668157911696,0.006060606060606061,1.0
3,mixed,10,10.0,False,snr_beat_residual_db,8.946629542671966,-1.0533704573280342,0.039941248728422175,0.06666666666666667,0.0
3,mixed,10,10.0,False,snr_hsc_db,9.769051939410865,-0.2309480605891352,0.039941248728422175,0.06666666666666667,0.0
3,mixed,10,10.0,False,snr_isoelectric_db,16.54284767259032,6.5428476725903195,0.039941248728422175,0.06666666666666667,0.0
3,mixed,15,15.0,False,snr_beat_residual_db,18.95383264783971,3.953832647839711,0.24907997998447562,0.01818181818181818,1.0
3,mixed,15,15.0,False,snr_hsc_db,21.667503736782404,6.667503736782404,0.24907997998447562,0.01818181818181818,1.0
3,mixed,15,15.0,False,snr_isoelectric_db,16.699971810964993,1.6999718109649926,0.24907997998447562,0.01818181818181818,1.0
3,mixed,20,20.0,False,snr_beat_residual_db,17.97475523316643,-2.02524476683357,0.14079573763146064,0.04242424242424243,0.0
3,mixed,20,20.0,False,snr_hsc_db,18.841527105621157,-1.1584728943788427,0.14079573763146064,0.04242424242424243,0.0
3,mixed,20,20.0,False,snr_isoelectric_db,15.486796869704493,-4.513203130295507,0.14079573763146064,0.04242424242424243,0.0
4,awgn,0,0.0,False,snr_beat_residual_db,0.26438235755182593,0.26438235755182593,0.01451962581272554,0.0,0.0
4,awgn,0,0.0,False,snr_hsc_db,0.2835076321875457,0.2835076321875457,0.01451962581272554,0.0,0.0
4,awgn,0,0.0,False,snr_isoelectric_db,0.3664104606250769,0.3664104606250769,0.01451962581272554,0.0,0.0
4,awgn,5,5.0,False,snr_beat_residual_db,5.13065444701971,0.13065444701970996,0.005381588378291235,0.0,0.0
4,awgn,5,5.0,False,snr_hsc_db,4.814653301839406,-0.18534669816059424,0.005381588378291235,0.0,0.0
4,awgn,5,5.0,False,snr_isoelectric_db,4.975113324140507,-0.024886675859493224,0.005381588378291235,0.0,0.0
4,awgn,10,10.0,False,snr_beat_residual_db,9.833424093099563,-0.16657590690043733,0.009426344987001675,0.0056179775280898875,0.0
4,awgn,10,10.0,False,snr_hsc_db,8.826141537128585,-1.173858462871415,0.009426344987001675,0.0056179775280898875,0.0
4,awgn,10,10.0,False,snr_isoelectric_db,9.552284248514285,-0.4477157514857151,0.009426344987001675,0.0056179775280898875,0.0
4,awgn,15,15.0,False,snr_beat_residual_db,13.94100913869372,-1.0589908613062793,0.05530342659167194,0.011235955056179775,0.0
4,awgn,15,15.0,False,snr_hsc_db,12.949885387857329,-2.0501146121426714,0.05530342659167194,0.011235955056179775,0.0
4,awgn,15,15.0,False,snr_isoelectric_db,12.74203061827947,-2.25796938172053,0.05530342659167194,0.011235955056179775,0.0
4,awgn,20,20.0,False,snr_beat_residual_db,16.989816196655802,-3.010183803344198,0.09137112831733646,0.016853932584269662,0.0
4,awgn,20,20.0,False,snr_hsc_db,16.46954493033626,-3.5304550696637413,0.09137112831733646,0.016853932584269662,0.0
4,awgn,20,20.0,False,snr_isoelectric_db,14.928767151223354,-5.071232848776646,0.09137112831733646,0.016853932584269662,0.0
4,pli,0,0.0,False,snr_beat_residual_db,9.36428363847413,9.36428363847413,0.14055850771822515,0.0,0.0
4,pli,0,0.0,False,snr_hsc_db,11.457830579266254,11.457830579266254,0.14055850771822515,0.0,0.0
4,pli,0,0.0,False,snr_isoelectric_db,-0.2707578638870459,-0.2707578638870459,0.14055850771822515,0.0,0.0
4,pli,5,5.0,False,snr_beat_residual_db,8.131255410219987,3.131255410219987,0.07151360675328827,0.0,0.0
4,pli,5,5.0,False,snr_hsc_db,10.654362160277334,5.6543621602773335,0.07151360675328827,0.0,0.0
4,pli,5,5.0,False,snr_isoelectric_db,4.641777585853356,-0.3582224141466437,0.07151360675328827,0.0,0.0
4,pli,10,10.0,False,snr_beat_residual_db,9.8265940928848,-0.17340590711519965,-0.0067134069638846855,0.0,0.0
4,pli,10,10.0,False,snr_hsc_db,10.029769752857426,0.029769752857426113,-0.0067134069638846855,0.0,0.0
4,pli,10,10.0,False,snr_isoelectric_db,9.060027987757081,-0.9399720122429187,-0.0067134069638846855,0.0,0.0
4,pli,15,15.0,False,snr_beat_residual_db,13.938364072678786,-1.0616359273212144,0.059775447943961356,0.0,0.0
4,pli,15,15.0,False,snr_hsc_db,14.309877763123202,-0.6901222368767979,0.059775447943961356,0.0,0.0
4,pli,15,15.0,False,snr_isoelectric_db,12.638410630286154,-2.3615893697138457,0.059775447943961356,0.0,0.0
4,pli,20,20.0,False,snr_beat_residual_db,16.979622717869397,-3.020377282130603,0.12983501166469974,0.011235955056179775,0.0
4,pli,20,20.0,False,snr_hsc_db,16.44853596354045,-3.5514640364595493,0.12983501166469974,0.011235955056179775,0.0
4,pli,20,20.0,False,snr_isoelectric_db,14.91012220891917,-5.089877791080831,0.12983501166469974,0.011235955056179775,0.0
4,bw,0,0.0,False,snr_beat_residual_db,10.944102736954184,10.944102736954184,0.6261642940348998,0.011235955056179775,1.0
4,bw,0,0.0,False,snr_hsc_db,17.33517144477836,17.33517144477836,0.6261642940348998,0.011235955056179775,1.0
4,bw,0,0.0,False,snr_isoelectric_db,19.61494154134632,19.61494154134632,0.6261642940348998,0.011235955056179775,1.0
4,bw,5,5.0,False,snr_beat_residual_db,13.71486056310139,8.71486056310139,0.4302805214107143,0.0,1.0
4,bw,5,5.0,False,snr_hsc_db,17.350886837757955,12.350886837757955,0.4302805214107143,0.0,1.0
4,bw,5,5.0,False,snr_isoelectric_db,17.76577402256811,12.76577402256811,0.4302805214107143,0.0,1.0
4,bw,10,10.0,False,snr_beat_residual_db,16.903096543045276,6.903096543045276,0.4876399015932774,0.0,1.0
4,bw,10,10.0,False,snr_hsc_db,18.155821346628624,8.155821346628624,0.4876399015932774,0.0,1.0
4,bw,10,10.0,False,snr_isoelectric_db,16.97906127019432,6.979061270194322,0.4876399015932774,0.0,1.0
4,bw,15,15.0,False,snr_beat_residual_db,18.40982675270746,3.4098267527074597,0.32330151586929085,0.011235955056179775,1.0
4,bw,15,15.0,False,snr_hsc_db,17.878057780388186,2.878057780388186,0.32330151586929085,0.011235955056179775,1.0
4,bw,15,15.0,False,snr_isoelectric_db,16.700275779733026,1.7002757797330261,0.32330151586929085,0.011235955056179775,1.0
4,bw,20,20.0,False,snr_beat_residual_db,19.46312288475826,-0.5368771152417402,0.37923149051407556,0.033707865168539325,1.0
4,bw,20,20.0,False,snr_hsc_db,17.889555855674192,-2.1104441443258075,0.37923149051407556,0.033707865168539325,1.0
4,bw,20,20.0,False,snr_isoelectric_db,16.609720377666967,-3.3902796223330327,0.37923149051407556,0.033707865168539325,1.0
4,ma(emg),0,0.0,False,snr_beat_residual_db,-0.014229592505656523,-0.014229592505656523,0.049159164540519544,0.3258426966292135,0.0
4,ma(emg),0,0.0,False,snr_hsc_db,-0.6299225781587674,-0.6299225781587674,0.049159164540519544,0.3258426966292135,0.0
4,ma(emg),0,0.0,False,snr_isoelectric_db,13.590753422926058,13.590753422926058,0.049159164540519544,0.3258426966292135,0.0
4,ma(emg),5,5.0,False,snr_beat_residual_db,4.893465950217484,-0.1065340497825158,0.033781992964097216,0.30337078651685395,0.0
4,ma(emg),5,5.0,False,snr_hsc_db,5.017368323448363,0.017368323448362588,0.033781992964097216,0.30337078651685395,0.0
4,ma(emg),5,5.0,False,snr_isoelectric_db,14.933243043900992,9.933243043900992,0.033781992964097216,0.30337078651685395,0.0
4,ma(emg),10,10.0,False,snr_beat_residual_db,9.660846416344285,-0.33915358365571535,0.03438420660226442,0.24157303370786518,0.0
4,ma(emg),10,10.0,False,snr_hsc_db,9.315296004044674,-0.684703995955326,0.03438420660226442,0.24157303370786518,0.0
4,ma(emg),10,10.0,False,snr_isoelectric_db,15.715714551287835,5.715714551287835,0.03438420660226442,0.24157303370786518,0.0
4,ma(emg),15,15.0,False,snr_beat_residual_db,13.75989435274313,-1.2401056472568701,0.04065532079529856,0.10112359550561797,0.0
4,ma(emg),15,15.0,False,snr_hsc_db,13.855008156438377,-1.1449918435616233,0.04065532079529856,0.10112359550561797,0.0
4,ma(emg),15,15.0,False,snr_isoelectric_db,16.169402613236823,1.169402613236823,0.04065532079529856,0.10112359550561797,0.0
4,ma(emg),20,20.0,False,snr_beat_residual_db,16.91746925232371,-3.082530747676291,0.10663181924130827,0.0,0.0
4,ma(emg),20,20.0,False,snr_hsc_db,15.931389076989893,-4.068610923010107,0.10663181924130827,0.0,0.0
4,ma(emg),20,20.0,False,snr_isoelectric_db,16.347276527018167,-3.652723472981833,0.10663181924130827,0.0,0.0
4,em(motion),0,0.0,False,snr_beat_residual_db,7.27867865437914,7.27867865437914,0.8409655808857238,0.15730337078651685,1.0
4,em(motion),0,0.0,False,snr_hsc_db,3.2073371032866875,3.2073371032866875,0.8409655808857238,0.15730337078651685,1.0
4,em(motion),0,0.0,False,snr_isoelectric_db,19.646191623372136,19.646191623372136,0.8409655808857238,0.15730337078651685,1.0
4,em(motion),5,5.0,False,snr_beat_residual_db,10.886871139343475,5.886871139343475,0.5047051146405457,0.15730337078651685,1.0
4,em(motion),5,5.0,False,snr_hsc_db,13.057890349394725,8.057890349394725,0.5047051146405457,0.15730337078651685,1.0
4,em(motion),5,5.0,False,snr_isoelectric_db,17.756750903612005,12.756750903612005,0.5047051146405457,0.15730337078651685,1.0
4,em(motion),10,10.0,False,snr_beat_residual_db,16.192747138977865,6.1927471389778646,0.5027217315933685,0.07303370786516854,1.0
4,em(motion),10,10.0,False,snr_hsc_db,16.95711006044107,6.957110060441071,0.5027217315933685,0.07303370786516854,1.0
4,em(motion),10,10.0,False,snr_isoelectric_db,16.96398534018915,6.963985340189151,0.5027217315933685,0.07303370786516854,1.0
4,em(motion),15,15.0,False,snr_beat_residual_db,17.348801961329656,2.348801961329656,0.38586715292617413,0.05056179775280899,1.0
4,em(motion),15,15.0,False,snr_hsc_db,16.423882576652275,1.4238825766522751,0.38586715292617413,0.05056179775280899,1.0
4,em(motion),15,15.0,False,snr_isoelectric_db,16.70415742266549,1.7041574226654888,0.38586715292617413,0.05056179775280899,1.0
4,em(motion),20,20.0,False,snr_beat_residual_db,18.88117602847788,-1.1188239715221187,0.3032104466063109,0.028089887640449437,1.0
4,em(motion),20,20.0,False,snr_hsc_db,16.09812704916758,-3.90187295083242,0.3032104466063109,0.028089887640449437,1.0
4,em(motion),20,20.0,False,snr_isoelectric_db,16.616693775138273,-3.3833062248617267,0.3032104466063109,0.028089887640449437,1.0
4,impulse,0,0.0,False,snr_beat_residual_db,-1.6132559044855523,-1.6132559044855523,0.42783939417917677,0.3333333333333333,1.0
4,impulse,0,0.0,False,snr_hsc_db,-1.5953552760063292,-1.5953552760063292,0.42783939417917677,0.3333333333333333,1.0
4,impulse,0,0.0,False,snr_isoelectric_db,19.670385568326296,19.670385568326296,0.42783939417917677,0.3333333333333333,1.0
4,impulse,5,5.0,False,snr_beat_residual_db,2.7728503666918347,-2.2271496333081653,0.16661869056727374,0.2553191489361702,1.0
4,impulse,5,5.0,False,snr_hsc_db,3.5906689201986297,-1.4093310798013703,0.16661869056727374,0.2553191489361702,1.0
4,impulse,5,5.0,False,snr_isoelectric_db,17.819241976722722,12.819241976722722,0.16661869056727374,0.2553191489361702,1.0
4,impulse,10,10.0,False,snr_beat_residual_db,8.205417299237261,-1.7945827007627386,0.08951663530780479,0.19553072625698323,0.0
4,impulse,10,10.0,False,snr_hsc_db,7.690380397198588,-2.309619602801412,0.08951663530780479,0.19553072625698323,0.0
4,impulse,10,10.0,False,snr_isoelectric_db,16.953005962601665,6.953005962601665,0.08951663530780479,0.19553072625698323,0.0
4,impulse,15,15.0,False,snr_beat_residual_db,13.912938406010259,-1.0870615939897412,0.1069923898394662,0.10112359550561797,0.0
4,impulse,15,15.0,False,snr_hsc_db,12.677693412664969,-2.3223065873350315,0.1069923898394662,0.10112359550561797,0.0
4,impulse,15,15.0,False,snr_isoelectric_db,16.672134702813487,1.6721347028134872,0.1069923898394662,0.10112359550561797,0.0
4,impulse,20,20.0,False,snr_beat_residual_db,16.946444189139566,-3.053555810860434,0.11698076301795844,0.07865168539325842,0.0
4,impulse,20,20.0,False,snr_hsc_db,15.868653797585965,-4.131346202414035,0.11698076301795844,0.07865168539325842,0.0
4,impulse,20,20.0,False,snr_isoelectric_db,16.63089162519792,-3.3691083748020816,0.11698076301795844,0.07865168539325842,0.0
4,mixed,0,0.0,False,snr_beat_residual_db,9.37026769266144,9.37026769266144,-0.015578228901233587,0.0,0.0
4,mixed,0,0.0,False,snr_hsc_db,13.289590258888975,13.289590258888975,-0.015578228901233587,0.0,0.0
4,mixed,0,0.0,False,snr_isoelectric_db,-0.11871023056406714,-0.11871023056406714,-0.015578228901233587,0.0,0.0
4,mixed,5,5.0,False,snr_beat_residual_db,3.437355224465864,-1.5626447755341362,0.03756801514997539,0.0913978494623656,0.0
4,mixed,5,5.0,False,snr_hsc_db,2.990375883502947,-2.009624116497053,0.03756801514997539,0.0913978494623656,0.0
4,mixed,5,5.0,False,snr_isoelectric_db,15.8761612120962,10.8761612120962,0.03756801514997539,0.0913978494623656,0.0
4,mixed,10,10.0,False,snr_beat_residual_db,10.971109308516704,0.971109308516704,0.1437231901194661,0.02247191011235955,0.0
4,mixed,10,10.0,False,snr_hsc_db,12.178201840547995,2.1782018405479953,0.1437231901194661,0.02247191011235955,0.0
4,mixed,10,10.0,False,snr_isoelectric_db,10.690255882243287,0.6902558822432869,0.1437231901194661,0.02247191011235955,0.0
4,mixed,15,15.0,False,snr_beat_residual_db,12.697610933907642,-2.302389066092358,0.1390901048112546,0.10614525139664804,0.0
4,mixed,15,15.0,False,snr_hsc_db,13.504572537738312,-1.4954274622616879,0.1390901048112546,0.10614525139664804,0.0
4,mixed,15,15.0,False,snr_isoelectric_db,16.702932327387057,1.7029323273870567,0.1390901048112546,0.10614525139664804,0.0
4,mixed,20,20.0,False,snr_beat_residual_db,16.996426341177482,-3.0035736588225177,0.08983372437287762,0.03932584269662921,0.0
4,mixed,20,20.0,False,snr_hsc_db,15.519742851991765,-4.480257148008235,0.08983372437287762,0.03932584269662921,0.0
4,mixed,20,20.0,False,snr_isoelectric_db,14.998632238572917,-5.001367761427083,0.08983372437287762,0.03932584269662921,0.0
0,awgn,0,1.1575309617013554,True,snr_beat_residual_db,2.5589852508989814,1.401454289197626,-0.006886869788354625,0.0,0.0
0,awgn,0,1.1575309617013554,True,snr_hsc_db,2.6742155681631203,1.516684606461765,-0.006886869788354625,0.0,0.0
0,awgn,0,1.1575309617013554,True,snr_isoelectric_db,1.3730859710355128,0.2155550093341574,-0.006886869788354625,0.0,0.0
0,awgn,5,6.145514421740678,True,snr_beat_residual_db,7.304545647599253,1.159031225858575,-0.011846602545965108,0.0,0.0
0,awgn,5,6.145514421740678,True,snr_hsc_db,6.07817462141254,-0.06733980032813847,-0.011846602545965108,0.0,0.0
0,awgn,5,6.145514421740678,True,snr_isoelectric_db,6.09444059733698,-0.0510738244036979,-0.011846602545965108,0.0,0.0
0,awgn,10,11.125738320056575,True,snr_beat_residual_db,11.90192789951382,0.7761895794572453,-0.021797515565132625,0.0,0.0
0,awgn,10,11.125738320056575,True,snr_hsc_db,12.04702860938166,0.9212902893250856,-0.021797515565132625,0.0,0.0
0,awgn,10,11.125738320056575,True,snr_isoelectric_db,10.457246790210096,-0.6684915298464791,-0.021797515565132625,0.0,0.0
0,awgn,15,16.086395817745057,True,snr_beat_residual_db,15.673290882485611,-0.4131049352594456,-0.046062880422676034,0.024390243902439025,0.0
0,awgn,15,16.086395817745057,True,snr_hsc_db,14.319815087510758,-1.766580730234299,-0.046062880422676034,0.024390243902439025,0.0
0,awgn,15,16.086395817745057,True,snr_isoelectric_db,13.549943959467923,-2.5364518582771343,-0.046062880422676034,0.024390243902439025,0.0
0,awgn,20,21.135798749150258,True,snr_beat_residual_db,18.23278239970245,-2.9030163494478067,-0.02828541267617358,0.016260162601626018,0.0
0,awgn,20,21.135798749150258,True,snr_hsc_db,15.557086770817257,-5.578711978333001,-0.02828541267617358,0.016260162601626018,0.0
0,awgn,20,21.135798749150258,True,snr_isoelectric_db,15.481609420513179,-5.654189328637079,-0.02828541267617358,0.016260162601626018,0.0
0,pli,0,20.49804597153099,True,snr_beat_residual_db,18.035119319923506,-2.462926651607482,-0.12274178962199311,0.024390243902439025,0.0
0,pli,0,20.49804597153099,True,snr_hsc_db,16.354743961278082,-4.143302010252906,-0.12274178962199311,0.024390243902439025,0.0
0,pli,0,20.49804597153099,True,snr_isoelectric_db,15.220330458241573,-5.277715513289415,-0.12274178962199311,0.024390243902439025,0.0
0,pli,5,25.49710996906315,True,snr_beat_residual_db,19.43530673472756,-6.0618032343355885,-0.11024123468490282,0.024390243902439025,0.0
0,pli,5,25.49710996906315,True,snr_hsc_db,16.384331594054597,-9.112778375008553,-0.11024123468490282,0.024390243902439025,0.0
0,pli,5,25.49710996906315,True,snr_isoelectric_db,16.300369058052237,-9.196740911010913,-0.11024123468490282,0.024390243902439025,0.0
0,pli,10,30.49408153215742,True,snr_beat_residual_db,20.081952545913985,-10.412128986243435,-0.07306275258129313,0.024390243902439025,0.0
0,pli,10,30.49408153215742,True,snr_hsc_db,16.80221567245345,-13.69186585970397,-0.07306275258129313,0.024390243902439025,0.0
0,pli,10,30.49408153215742,True,snr_isoelectric_db,16.603483255592828,-13.890598276564592,-0.07306275258129313,0.024390243902439025,0.0
0,pli,15,35.48435194364348,True,snr_beat_residual_db,20.27605779235237,-15.208294151291113,-0.08591214752046689,0.024390243902439025,0.0
0,pli,15,35.48435194364348,True,snr_hsc_db,16.748173378360338,-18.736178565283144,-0.08591214752046689,0.024390243902439025,0.0
0,pli,15,35.48435194364348,True,snr_isoelectric_db,16.728067422291343,-18.75628452135214,-0.08591214752046689,0.024390243902439025,0.0
0,pli,20,40.453731229104264,True,snr_beat_residual_db,20.33041347153992,-20.123317757564344,-0.07866930432929345,0.016260162601626018,0.0
0,pli,20,40.453731229104264,True,snr_hsc_db,16.6796752034212,-23.774056025683063,-0.07866930432929345,0.016260162601626018,0.0
0,pli,20,40.453731229104264,True,snr_isoelectric_db,16.755553134367688,-23.698178094736576,-0.07866930432929345,0.016260162601626018,0.0
0,bw,0,19.080652742374376,True,snr_beat_residual_db,19.094184136598923,0.013531394224546744,-0.608461615140369,0.008130081300813009,0.0
0,bw,0,19.080652742374376,True,snr_hsc_db,9.864397730472263,-9.216255011902113,-0.608461615140369,0.008130081300813009,0.0
0,bw,0,19.080652742374376,True,snr_isoelectric_db,16.83171862679198,-2.248934115582397,-0.608461615140369,0.008130081300813009,0.0
0,bw,5,28.35090900515116,True,snr_beat_residual_db,20.200304815836866,-8.150604189314294,-0.2917560894191129,0.032520325203252036,0.0
0,bw,5,28.35090900515116,True,snr_hsc_db,17.779698293367623,-10.571210711783536,-0.2917560894191129,0.032520325203252036,0.0
0,bw,5,28.35090900515116,True,snr_isoelectric_db,16.801030539903387,-11.549878465247772,-0.2917560894191129,0.032520325203252036,0.0
0,bw,10,34.54698421660481,True,snr_beat_residual_db,20.31556366336721,-14.231420553237601,-0.12200345402886761,0.016260162601626018,0.0
0,bw,10,34.54698421660481,True,snr_hsc_db,16.233679570984037,-18.313304645620775,-0.12200345402886761,0.016260162601626018,0.0
0,bw,10,34.54698421660481,True,snr_isoelectric_db,16.796810521038477,-17.750173695566335,-0.12200345402886761,0.016260162601626018,0.0
0,bw,15,34.773341144834745,True,snr_beat_residual_db,20.312314382851568,-14.461026761983177,-0.1647801310270346,0.024390243902439025,0.0
0,bw,15,34.773341144834745,True,snr_hsc_db,17.301272085526136,-17.47206905930861,-0.1647801310270346,0.024390243902439025,0.0
0,bw,15,34.773341144834745,True,snr_isoelectric_db,16.790456754027286,-17.98288439080746,-0.1647801310270346,0.024390243902439025,0.0
0,bw,20,38.842169985729655,True,snr_beat_residual_db,20.357676887410282,-18.484493098319373,-0.08205639064747876,0.024390243902439025,0.0
0,bw,20,38.842169985729655,True,snr_hsc_db,16.724529309738006,-22.117640675991648,-0.08205639064747876,0.024390243902439025,0.0
0,bw,20,38.842169985729655,True,snr_isoelectric_db,16.78809123004217,-22.054078755687485,-0.08205639064747876,0.024390243902439025,0.0
0,ma(emg),0,0.5357980290404156,True,snr_beat_residual_db,2.0933350295238276,1.557537000483412,0.003283422445993349,0.34146341463414637,0.0
0,ma(emg),0,0.5357980290404156,True,snr_hsc_db,1.9130377520702622,1.3772397230298465,0.003283422445993349,0.34146341463414637,0.0
0,ma(emg),0,0.5357980290404156,True,snr_isoelectric_db,13.535636200736665,12.999838171696249,0.003283422445993349,0.34146341463414637,0.0
0,ma(emg),5,5.705408976224446,True,snr_beat_residual_db,6.854122563269001,1.1487135870445542,-0.015303517971939278,0.21138211382113822,0.0
0,ma(emg),5,5.705408976224446,True,snr_hsc_db,6.206198830536646,0.5007898543121998,-0.015303517971939278,0.21138211382113822,0.0
0,ma(emg),5,5.705408976224446,True,snr_isoelectric_db,15.022960230597173,9.317551254372727,-0.015303517971939278,0.21138211382113822,0.0
0,ma(emg),10,10.602106810854302,True,snr_beat_residual_db,11.241231393185542,0.6391245823312399,-0.027284262100583476,0.2032520325203252,0.0
0,ma(emg),10,10.602106810854302,True,snr_hsc_db,9.459354944949684,-1.1427518659046179,-0.027284262100583476,0.2032520325203252,0.0
0,ma(emg),10,10.602106810854302,True,snr_isoelectric_db,16.1229294515805,5.520822640726198,-0.027284262100583476,0.2032520325203252,0.0
0,ma(emg),15,15.464261832026578,True,snr_beat_residual_db,14.964165028514294,-0.5000968035122835,-0.020354652784111457,0.06504065040650407,0.0
0,ma(emg),15,15.464261832026578,True,snr_hsc_db,13.937862235118217,-1.5263995969083606,-0.020354652784111457,0.06504065040650407,0.0
0,ma(emg),15,15.464261832026578,True,snr_isoelectric_db,16.335750704995554,0.8714888729689765,-0.020354652784111457,0.06504065040650407,0.0
0,ma(emg),20,20.53266108219479,True,snr_beat_residual_db,17.9485728710631,-2.5840882111316894,-0.02160344978308302,0.0,0.0
0,ma(emg),20,20.53266108219479,True,snr_hsc_db,15.560381825273858,-4.972279256920931,-0.02160344978308302,0.0,0.0
0,ma(emg),20,20.53266108219479,True,snr_isoelectric_db,16.616604466103027,-3.916056616091762,-0.02160344978308302,0.0,0.0
0,em(motion),0,7.278637702151212,True,snr_beat_residual_db,9.758327821748233,2.479690119597022,-0.09562543997797515,0.11382113821138211,0.0
0,em(motion),0,7.278637702151212,True,snr_hsc_db,6.366659615123341,-0.9119780870278706,-0.09562543997797515,0.11382113821138211,0.0
0,em(motion),0,7.278637702151212,True,snr_isoelectric_db,17.4848719617134,10.206234259562187,-0.09562543997797515,0.11382113821138211,0.0
0,em(motion),5,13.088279038779076,True,snr_beat_residual_db,14.047849942660761,0.9595709038816853,-0.09840246763836198,0.0975609756097561,1.0
0,em(motion),5,13.088279038779076,True,snr_hsc_db,15.860154668347564,2.7718756295684877,-0.09840246763836198,0.0975609756097561,1.0
0,em(motion),5,13.088279038779076,True,snr_isoelectric_db,17.016375220815767,3.9280961820366915,-0.09840246763836198,0.0975609756097561,1.0
0,em(motion),10,17.883930724415755,True,snr_beat_residual_db,17.271189108212745,-0.6127416162030102,-0.07256534843954067,0.08943089430894309,0.0
0,em(motion),10,17.883930724415755,True,snr_hsc_db,14.033686982047271,-3.850243742368484,-0.07256534843954067,0.08943089430894309,0.0
0,em(motion),10,17.883930724415755,True,snr_isoelectric_db,16.911000242127812,-0.9729304822879428,-0.07256534843954067,0.08943089430894309,0.0
0,em(motion),15,22.75767902958981,True,snr_beat_residual_db,19.10539271589354,-3.652286313696269,-0.07213539484234019,0.032520325203252036,0.0
0,em(motion),15,22.75767902958981,True,snr_hsc_db,16.834011451469124,-5.923667578120686,-0.07213539484234019,0.032520325203252036,0.0
0,em(motion),15,22.75767902958981,True,snr_isoelectric_db,16.806751734438173,-5.9509272951516365,-0.07213539484234019,0.032520325203252036,0.0
0,em(motion),20,26.708534769565723,True,snr_beat_residual_db,19.95498021096132,-6.753554558604403,-0.0731333947742217,0.016260162601626018,0.0
0,em(motion),20,26.708534769565723,True,snr_hsc_db,16.87693789015946,-9.831596879406263,-0.0731333947742217,0.016260162601626018,0.0
0,em(motion),20,26.708534769565723,True,snr_isoelectric_db,16.791504794922954,-9.91702997464277,-0.0731333947742217,0.016260162601626018,0.0
0,impulse,0,-0.09226589587082444,True,snr_beat_residual_db,-0.560190588671481,-0.4679246928006565,0.4353675698678788,0.27941176470588236,1.0
0,impulse,0,-0.09226589587082444,True,snr_hsc_db,2.070178501924377,2.1624443977952015,0.4353675698678788,0.27941176470588236,1.0
0,impulse,0,-0.09226589587082444,True,snr_isoelectric_db,19.737544538294134,19.82981043416496,0.4353675698678788,0.27941176470588236,1.0
0,impulse,5,4.799757809887899,True,snr_beat_residual_db,2.7124666578245265,-2.087291152063372,0.15107101600980155,0.3014705882352941,1.0
0,impulse,5,4.799757809887899,True,snr_hsc_db,5.675262709182426,0.8755048992945271,0.15107101600980155,0.3014705882352941,1.0
0,impulse,5,4.799757809887899,True,snr_isoelectric_db,17.895979356877046,13.096221546989147,0.15107101600980155,0.3014705882352941,1.0
0,impulse,10,9.769355808306656,True,snr_beat_residual_db,8.015525842197077,-1.7538299661095795,0.08505077048264748,0.1640625,0.0
0,impulse,10,9.769355808306656,True,snr_hsc_db,9.433678421577733,-0.3356773867289231,0.08505077048264748,0.1640625,0.0
0,impulse,10,9.769355808306656,True,snr_isoelectric_db,17.16562115232767,7.396265344021014,0.08505077048264748,0.1640625,0.0
0,impulse,15,15.052117397663174,True,snr_beat_residual_db,14.673245725973626,-0.3788716716895486,-0.02396804729823692,0.15447154471544716,0.0
0,impulse,15,15.052117397663174,True,snr_hsc_db,14.268274027661842,-0.7838433700013319,-0.02396804729823692,0.15447154471544716,0.0
0,impulse,15,15.052117397663174,True,snr_isoelectric_db,16.89480575895356,1.842688361290385,-0.02396804729823692,0.15447154471544716,0.0
0,impulse,20,19.756646117894764,True,snr_beat_residual_db,17.497714504922847,-2.2589316129719172,-0.044184575867106,0.04065040650406504,0.0
0,impulse,20,19.756646117894764,True,snr_hsc_db,15.082541305711015,-4.674104812183749,-0.044184575867106,0.04065040650406504,0.0
0,impulse,20,19.756646117894764,True,snr_isoelectric_db,16.77645951219764,-2.9801866056971242,-0.044184575867106,0.04065040650406504,0.0
0,mixed,0,11.52394766716947,True,snr_beat_residual_db,13.365233503724527,1.8412858365550573,-0.3352576555718112,0.10569105691056911,0.0
0,mixed,0,11.52394766716947,True,snr_hsc_db,10.513544057746556,-1.010403609422914,-0.3352576555718112,0.10569105691056911,0.0
0,mixed,0,11.52394766716947,True,snr_isoelectric_db,17.042043733200845,5.518096066031376,-0.3352576555718112,0.10569105691056911,0.0
0,mixed,5,5.782960525958033,True,snr_beat_residual_db,3.5342111657140425,-2.2487493602439903,0.12560674950946665,0.291044776119403,0.0
0,mixed,5,5.782960525958033,True,snr_hsc_db,1.6769216268620348,-4.1060388990959975,0.12560674950946665,0.291044776119403,0.0
0,mixed,5,5.782960525958033,True,snr_isoelectric_db,17.94661121790802,12.16365069194999,0.12560674950946665,0.291044776119403,0.0
0,mixed,10,10.790323841542037,True,snr_beat_residual_db,11.060986562397447,0.27066272085541065,-0.04134696974062721,0.1951219512195122,0.0
0,mixed,10,10.790323841542037,True,snr_hsc_db,9.7859978032377,-1.0043260383043364,-0.04134696974062721,0.1951219512195122,0.0
0,mixed,10,10.790323841542037,True,snr_isoelectric_db,15.992814307403759,5.202490465861722,-0.04134696974062721,0.1951219512195122,0.0
0,mixed,15,35.48442438212874,True,snr_beat_residual_db,20.267813110545827,-15.216611271582916,-0.0747053099038952,0.016260162601626018,0.0
0,mixed,15,35.48442438212874,True,snr_hsc_db,16.63472663210715,-18.849697750021594,-0.0747053099038952,0.016260162601626018,0.0
0,mixed,15,35.48442438212874,True,snr_isoelectric_db,16.736975383591947,-18.747448998536797,-0.0747053099038952,0.016260162601626018,0.0
0,mixed,20,19.96688759638278,True,snr_beat_residual_db,17.772327925563985,-2.194559670818794,-0.06578275645544183,0.056910569105691054,0.0
0,mixed,20,19.96688759638278,True,snr_hsc_db,14.995331218405061,-4.971556377977718,-0.06578275645544183,0.056910569105691054,0.0
0,mixed,20,19.96688759638278,True,snr_isoelectric_db,16.777617346499298,-3.1892702498834815,-0.06578275645544183,0.056910569105691054,0.0
1,awgn,0,1.1729611695300803,True,snr_beat_residual_db,2.193994412225901,1.0210332426958206,-0.004948389373451361,0.0,0.0
1,awgn,0,1.1729611695300803,True,snr_hsc_db,1.6444584372378799,0.47149726770779954,-0.004948389373451361,0.0,0.0
1,awgn,0,1.1729611695300803,True,snr_isoelectric_db,1.6319885289593192,0.4590273594292389,-0.004948389373451361,0.0,0.0
1,awgn,5,6.127852417952491,True,snr_beat_residual_db,6.908458563083586,0.7806061451310953,-0.00879840880171309,0.0,0.0
1,awgn,5,6.127852417952491,True,snr_hsc_db,7.79655771840917,1.6687053004566792,-0.00879840880171309,0.0,0.0
1,awgn,5,6.127852417952491,True,snr_isoelectric_db,6.283882108480534,0.15602969052804294,-0.00879840880171309,0.0,0.0
1,awgn,10,11.121015545030302,True,snr_beat_residual_db,11.533578728103791,0.41256318307348927,0.028183085055539528,0.0,0.0
1,awgn,10,11.121015545030302,True,snr_hsc_db,11.529106184422389,0.40809063939208734,0.028183085055539528,0.0,0.0
1,awgn,10,11.121015545030302,True,snr_isoelectric_db,10.61470325672127,-0.5063122883090312,0.028183085055539528,0.0,0.0
1,awgn,15,16.10929099361787,True,snr_beat_residual_db,15.343911964966813,-0.765379028651056,0.000764648643249122,0.0072992700729927005,0.0
1,awgn,15,16.10929099361787,True,snr_hsc_db,17.339046396593435,1.2297554029755666,0.000764648643249122,0.0072992700729927005,0.0
1,awgn,15,16.10929099361787,True,snr_isoelectric_db,13.819991290017837,-2.2892997036000313,0.000764648643249122,0.0072992700729927005,0.0
1,awgn,20,21.176391616182173,True,snr_beat_residual_db,17.907622437428316,-3.268769178753857,0.0164074158940433,0.021897810218978103,0.0
1,awgn,20,21.176391616182173,True,snr_hsc_db,21.507358761936906,0.33096714575473385,0.0164074158940433,0.021897810218978103,0.0
1,awgn,20,21.176391616182173,True,snr_isoelectric_db,15.612974844587528,-5.563416771594644,0.0164074158940433,0.021897810218978103,0.0
1,pli,0,20.493209062252603,True,snr_beat_residual_db,17.65114715019864,-2.842061912053964,0.028931447084487142,0.043795620437956206,1.0
1,pli,0,20.493209062252603,True,snr_hsc_db,27.903608902718847,7.410399840466244,0.028931447084487142,0.043795620437956206,1.0
1,pli,0,20.493209062252603,True,snr_isoelectric_db,15.394178072320654,-5.099030989931949,0.028931447084487142,0.043795620437956206,1.0
1,pli,5,25.487929157583963,True,snr_beat_residual_db,19.18904663533271,-6.298882522251255,0.018004248463020643,0.043795620437956206,1.0
1,pli,5,25.487929157583963,True,snr_hsc_db,26.930677144732094,1.442747987148131,0.018004248463020643,0.043795620437956206,1.0
1,pli,5,25.487929157583963,True,snr_isoelectric_db,16.185627830868288,-9.302301326715675,0.018004248463020643,0.043795620437956206,1.0
1,pli,10,30.47179537877851,True,snr_beat_residual_db,19.766624956035876,-10.705170422742633,0.033889458421322155,0.043795620437956206,1.0
1,pli,10,30.47179537877851,True,snr_hsc_db,27.511604760878917,-2.960190617899592,0.033889458421322155,0.043795620437956206,1.0
1,pli,10,30.47179537877851,True,snr_isoelectric_db,16.57775228908717,-13.89404308969134,0.033889458421322155,0.043795620437956206,1.0
1,pli,15,35.42014836610387,True,snr_beat_residual_db,19.964297075667904,-15.455851290435962,0.019835353307971572,0.043795620437956206,1.0
1,pli,15,35.42014836610387,True,snr_hsc_db,28.51199887649859,-6.908149489605275,0.019835353307971572,0.043795620437956206,1.0
1,pli,15,35.42014836610387,True,snr_isoelectric_db,16.71720436958418,-18.702943996519686,0.019835353307971572,0.043795620437956206,1.0
1,pli,20,40.26114790151776,True,snr_beat_residual_db,20.029149807002405,-20.231998094515355,0.009123367298855076,0.0364963503649635,1.0
1,pli,20,40.26114790151776,True,snr_hsc_db,27.859589818321258,-12.401558083196502,0.009123367298855076,0.0364963503649635,1.0
1,pli,20,40.26114790151776,True,snr_isoelectric_db,16.76838311514881,-23.492764786368948,0.009123367298855076,0.0364963503649635,1.0
1,bw,0,20.11045573732543,True,snr_beat_residual_db,18.966538125406863,-1.1439176119185674,-0.4577605198433896,0.0072992700729927005,1.0
1,bw,0,20.11045573732543,True,snr_hsc_db,27.667285644923773,7.556829907598342,-0.4577605198433896,0.0072992700729927005,1.0
1,bw,0,20.11045573732543,True,snr_isoelectric_db,16.85088627653962,-3.259569460785812,-0.4577605198433896,0.0072992700729927005,1.0
1,bw,5,26.367099654688396,True,snr_beat_residual_db,19.79814490212637,-6.568954752562025,-0.1883442088863223,0.0364963503649635,0.0
1,bw,5,26.367099654688396,True,snr_hsc_db,25.469541896340253,-0.8975577583481424,-0.1883442088863223,0.0364963503649635,0.0
1,bw,5,26.367099654688396,True,snr_isoelectric_db,16.792181187965177,-9.574918466723219,-0.1883442088863223,0.0364963503649635,0.0
1,bw,10,27.686038706336586,True,snr_beat_residual_db,19.874314553661154,-7.811724152675431,-0.22326233874926102,0.058394160583941604,1.0
1,bw,10,27.686038706336586,True,snr_hsc_db,28.8093451645431,1.123306458206514,-0.22326233874926102,0.058394160583941604,1.0
1,bw,10,27.686038706336586,True,snr_isoelectric_db,16.809502527202362,-10.876536179134224,-0.22326233874926102,0.058394160583941604,1.0
1,bw,15,34.801148087364254,True,snr_beat_residual_db,20.01738384749332,-14.783764239870933,-0.0713562626391615,0.043795620437956206,1.0
1,bw,15,34.801148087364254,True,snr_hsc_db,28.36161267602169,-6.439535411342565,-0.0713562626391615,0.043795620437956206,1.0
1,bw,15,34.801148087364254,True,snr_isoelectric_db,16.798100106335266,-18.00304798102899,-0.0713562626391615,0.043795620437956206,1.0
1,bw,20,40.4726775224372,True,snr_beat_residual_db,20.04794957801705,-20.42472794442015,-0.049331519571847254,0.043795620437956206,1.0
1,bw,20,40.4726775224372,True,snr_hsc_db,27.13105682386475,-13.341620698572452,-0.049331519571847254,0.043795620437956206,1.0
1,bw,20,40.4726775224372,True,snr_isoelectric_db,16.790768213958863,-23.68190930847834,-0.049331519571847254,0.043795620437956206,1.0
1,ma(emg),0,0.8333379966110471,True,snr_beat_residual_db,1.4051972281323137,0.5718592315212666,0.019272590430203386,0.10218978102189781,0.0
1,ma(emg),0,0.8333379966110471,True,snr_hsc_db,0.6085511317199851,-0.22478686489106203,0.019272590430203386,0.10218978102189781,0.0
1,ma(emg),0,0.8333379966110471,True,snr_isoelectric_db,14.194143403301116,13.36080540669007,0.019272590430203386,0.10218978102189781,0.0
1,ma(emg),5,6.098145186377599,True,snr_beat_residual_db,6.142311951966387,0.044166765588787626,0.03314473208563298,0.24817518248175183,0.0
1,ma(emg),5,6.098145186377599,True,snr_hsc_db,6.629056946156682,0.5309117597790829,0.03314473208563298,0.24817518248175183,0.0
1,ma(emg),5,6.098145186377599,True,snr_isoelectric_db,15.380961491220527,9.282816304842928,0.03314473208563298,0.24817518248175183,0.0
1,ma(emg),10,10.627101453729926,True,snr_beat_residual_db,11.07473828861733,0.4476368348874029,0.007226829606973977,0.11678832116788321,0.0
1,ma(emg),10,10.627101453729926,True,snr_hsc_db,11.801775817421525,1.174674363691599,0.007226829606973977,0.11678832116788321,0.0
1,ma(emg),10,10.627101453729926,True,snr_isoelectric_db,16.15309665082123,5.525995197091303,0.007226829606973977,0.11678832116788321,0.0
1,ma(emg),15,15.671025822029696,True,snr_beat_residual_db,15.197857905744163,-0.4731679162855329,0.00850818471249205,0.043795620437956206,0.0
1,ma(emg),15,15.671025822029696,True,snr_hsc_db,16.497825871787057,0.8268000497573613,0.00850818471249205,0.043795620437956206,0.0
1,ma(emg),15,15.671025822029696,True,snr_isoelectric_db,16.429397114457668,0.758371292427972,0.00850818471249205,0.043795620437956206,0.0
1,ma(emg),20,20.54040236554738,True,snr_beat_residual_db,17.822674053154746,-2.7177283123926337,0.0064787722192618195,0.014598540145985401,0.0
1,ma(emg),20,20.54040236554738,True,snr_hsc_db,21.50163099795051,0.961228632403131,0.0064787722192618195,0.014598540145985401,0.0
1,ma(emg),20,20.54040236554738,True,snr_isoelectric_db,16.57948782890637,-3.9609145366410097,0.0064787722192618195,0.014598540145985401,0.0
1,em(motion),0,7.424262130191426,True,snr_beat_residual_db,9.51839011190707,2.094127981715644,-0.22104229772574946,0.17518248175182483,1.0
1,em(motion),0,7.424262130191426,True,snr_hsc_db,16.120883787495227,8.696621657303801,-0.22104229772574946,0.17518248175182483,1.0
1,em(motion),0,7.424262130191426,True,snr_isoelectric_db,17.490064387237766,10.06580225704634,-0.22104229772574946,0.17518248175182483,1.0
1,em(motion),5,13.73231366627806,True,snr_beat_residual_db,14.908141315594383,1.1758276493163233,-0.09139136675096105,0.072992700729927,0.0
1,em(motion),5,13.73231366627806,True,snr_hsc_db,13.411645194602404,-0.32066847167565626,-0.09139136675096105,0.072992700729927,0.0
1,em(motion),5,13.73231366627806,True,snr_isoelectric_db,16.977844946859953,3.2455312805818934,-0.09139136675096105,0.072992700729927,0.0
1,em(motion),10,17.886459409461597,True,snr_beat_residual_db,16.755136915165657,-1.1313224942959401,-0.14415153106403777,0.051094890510948905,0.0
1,em(motion),10,17.886459409461597,True,snr_hsc_db,17.78555239114792,-0.1009070183136771,-0.14415153106403777,0.051094890510948905,0.0
1,em(motion),10,17.886459409461597,True,snr_isoelectric_db,16.872226064317584,-1.0142333451440138,-0.14415153106403777,0.051094890510948905,0.0
1,em(motion),15,21.905387284105196,True,snr_beat_residual_db,18.45604358673802,-3.4493436973671763,-0.07037869471439422,0.029197080291970802,1.0
1,em(motion),15,21.905387284105196,True,snr_hsc_db,27.176799856426356,5.271412572321161,-0.07037869471439422,0.029197080291970802,1.0
1,em(motion),15,21.905387284105196,True,snr_isoelectric_db,16.79892449963458,-5.106462784470615,-0.07037869471439422,0.029197080291970802,1.0
1,em(motion),20,27.704874702956005,True,snr_beat_residual_db,19.68002051843323,-8.024854184522773,-0.036765517328064365,0.043795620437956206,1.0
1,em(motion),20,27.704874702956005,True,snr_hsc_db,26.602247806266103,-1.1026268966899018,-0.036765517328064365,0.043795620437956206,1.0
1,em(motion),20,27.704874702956005,True,snr_isoelectric_db,16.807513486692592,-10.897361216263413,-0.036765517328064365,0.043795620437956206,1.0
1,impulse,0,-0.29288253959423705,True,snr_beat_residual_db,-1.2337745366023758,-0.9408919970081387,0.39916822332276325,0.3181818181818182,1.0
1,impulse,0,-0.29288253959423705,True,snr_hsc_db,2.268161272380054,2.561043811974291,0.39916822332276325,0.3181818181818182,1.0
1,impulse,0,-0.29288253959423705,True,snr_isoelectric_db,19.754156079537765,20.047038619132003,0.39916822332276325,0.3181818181818182,1.0
1,impulse,5,4.759470564478583,True,snr_beat_residual_db,2.8921658936035226,-1.8673046708750607,0.23919850523579397,0.26666666666666666,1.0
1,impulse,5,4.759470564478583,True,snr_hsc_db,3.173186603767657,-1.5862839607109263,0.23919850523579397,0.26666666666666666,1.0
1,impulse,5,4.759470564478583,True,snr_isoelectric_db,17.828678161997242,13.069207597518659,0.23919850523579397,0.26666666666666666,1.0
1,impulse,10,10.836051540124616,True,snr_beat_residual_db,8.371165700265006,-2.46488583985961,0.09603351258218372,0.14285714285714285,0.0
1,impulse,10,10.836051540124616,True,snr_hsc_db,8.478922391179664,-2.357129148944953,0.09603351258218372,0.14285714285714285,0.0
1,impulse,10,10.836051540124616,True,snr_isoelectric_db,17.15759449147889,6.321542951354273,0.09603351258218372,0.14285714285714285,0.0
1,impulse,15,14.834795506987328,True,snr_beat_residual_db,14.44210180354867,-0.39269370343865795,-0.003659394500881538,0.13138686131386862,0.0
1,impulse,15,14.834795506987328,True,snr_hsc_db,16.14443588390397,1.3096403769166418,-0.003659394500881538,0.13138686131386862,0.0
1,impulse,15,14.834795506987328,True,snr_isoelectric_db,16.794936638230368,1.9601411312430397,-0.003659394500881538,0.13138686131386862,0.0
1,impulse,20,19.97595209969726,True,snr_beat_residual_db,17.294720229926543,-2.6812318697707163,0.019512593901319687,0.058394160583941604,0.0
1,impulse,20,19.97595209969726,True,snr_hsc_db,19.367377453166547,-0.6085746465307125,0.019512593901319687,0.058394160583941604,0.0
1,impulse,20,19.97595209969726,True,snr_isoelectric_db,16.751362855481865,-3.2245892442153945,0.019512593901319687,0.058394160583941604,0.0
1,mixed,0,2.641932962206666,True,snr_beat_residual_db,1.164710931478128,-1.477222030728538,0.012424669845988367,0.26973684210526316,0.0
1,mixed,0,2.641932962206666,True,snr_hsc_db,1.3034325606569728,-1.3385004015496933,0.012424669845988367,0.26973684210526316,0.0
1,mixed,0,2.641932962206666,True,snr_isoelectric_db,11.524221169484072,8.882288207277405,0.012424669845988367,0.26973684210526316,0.0
1,mixed,5,25.106211327236146,True,snr_beat_residual_db,19.331744238878123,-5.774467088358023,-0.10516662438687364,0.043795620437956206,1.0
1,mixed,5,25.106211327236146,True,snr_hsc_db,26.610730523402346,1.5045191961662,-0.10516662438687364,0.043795620437956206,1.0
1,mixed,5,25.106211327236146,True,snr_isoelectric_db,16.35503674437381,-8.751174582862337,-0.10516662438687364,0.043795620437956206,1.0
1,mixed,10,10.003100424410672,True,snr_beat_residual_db,8.476751977535365,-1.526348446875307,0.036682912048236614,0.21428571428571427,0.0
1,mixed,10,10.003100424410672,True,snr_hsc_db,8.648031654782775,-1.3550687696278967,0.036682912048236614,0.21428571428571427,0.0
1,mixed,10,10.003100424410672,True,snr_isoelectric_db,17.115702069674427,7.112601645263755,0.036682912048236614,0.21428571428571427,0.0
1,mixed,15,17.6881917183978,True,snr_beat_residual_db,16.77731820052302,-0.91087351787478,-0.006564656972842074,0.051094890510948905,0.0
1,mixed,15,17.6881917183978,True,snr_hsc_db,19.18533463959591,1.4971429211981118,-0.006564656972842074,0.051094890510948905,0.0
1,mixed,15,17.6881917183978,True,snr_isoelectric_db,16.59873468421402,-1.0894570341837806,-0.006564656972842074,0.051094890510948905,0.0
1,mixed,20,21.125534632230565,True,snr_beat_residual_db,17.96994919943486,-3.1555854327957036,0.020871504642851504,0.051094890510948905,0.0
1,mixed,20,21.125534632230565,True,snr_hsc_db,21.978671895183766,0.8531372629532008,0.020871504642851504,0.051094890510948905,0.0
1,mixed,20,21.125534632230565,True,snr_isoelectric_db,15.450243898673682,-5.675290733556883,0.020871504642851504,0.051094890510948905,0.0
2,awgn,0,1.135903070719865,True,snr_beat_residual_db,1.828208927169962,0.692305856450097,-0.002061703120910468,0.0,0.0
2,awgn,0,1.135903070719865,True,snr_hsc_db,2.078912062573766,0.9430089918539011,-0.002061703120910468,0.0,0.0
2,awgn,0,1.135903070719865,True,snr_isoelectric_db,1.9269563216831793,0.7910532509633144,-0.002061703120910468,0.0,0.0
2,awgn,5,6.153831560872149,True,snr_beat_residual_db,6.686669584147195,0.5328380232750458,0.004211126762723057,0.013245033112582781,0.0
2,awgn,5,6.153831560872149,True,snr_hsc_db,6.9882127581836535,0.8343811973115045,0.004211126762723057,0.013245033112582781,0.0
2,awgn,5,6.153831560872149,True,snr_isoelectric_db,6.251702593408453,0.09787103253630391,0.004211126762723057,0.013245033112582781,0.0
2,awgn,10,11.149147918578766,True,snr_beat_residual_db,11.128818146018364,-0.020329772560401693,0.01957419155981853,0.019867549668874173,0.0
2,awgn,10,11.149147918578766,True,snr_hsc_db,12.531267084926327,1.382119166347561,0.01957419155981853,0.019867549668874173,0.0
2,awgn,10,11.149147918578766,True,snr_isoelectric_db,10.462914320355788,-0.6862335982229784,0.01957419155981853,0.019867549668874173,0.0
2,awgn,15,16.152267294583297,True,snr_beat_residual_db,14.848187648649562,-1.3040796459337347,0.02882260738082569,0.039735099337748346,0.0
2,awgn,15,16.152267294583297,True,snr_hsc_db,16.475056783340406,0.32278948875710967,0.02882260738082569,0.039735099337748346,0.0
2,awgn,15,16.152267294583297,True,snr_isoelectric_db,14.017349699725177,-2.13491759485812,0.02882260738082569,0.039735099337748346,0.0
2,awgn,20,21.13783569096357,True,snr_beat_residual_db,17.21327411251252,-3.9245615784510512,0.05873811851471588,0.052980132450331126,0.0
2,awgn,20,21.13783569096357,True,snr_hsc_db,18.969488604336334,-2.168347086627236,0.05873811851471588,0.052980132450331126,0.0
2,awgn,20,21.13783569096357,True,snr_isoelectric_db,15.73981497323964,-5.398020717723929,0.05873811851471588,0.052980132450331126,0.0
2,pli,0,20.484291565945007,True,snr_beat_residual_db,16.77136582612388,-3.7129257398211273,0.0017304944420385463,0.052980132450331126,0.0
2,pli,0,20.484291565945007,True,snr_hsc_db,21.829303778204448,1.3450122122594408,0.0017304944420385463,0.052980132450331126,0.0
2,pli,0,20.484291565945007,True,snr_isoelectric_db,15.617072592835086,-4.867218973109921,0.0017304944420385463,0.052980132450331126,0.0
2,pli,5,25.462583694074745,True,snr_beat_residual_db,18.35794091285042,-7.1046427812243245,0.040969965693219756,0.059602649006622516,0.0
2,pli,5,25.462583694074745,True,snr_hsc_db,22.71497748934749,-2.747606204727255,0.040969965693219756,0.059602649006622516,0.0
2,pli,5,25.462583694074745,True,snr_isoelectric_db,16.448252312154775,-9.01433138191997,0.040969965693219756,0.059602649006622516,0.0
2,pli,10,30.397262876741994,True,snr_beat_residual_db,18.9398484515876,-11.457414425154393,0.11687230320416793,0.059602649006622516,0.0
2,pli,10,30.397262876741994,True,snr_hsc_db,22.258224940111813,-8.139037936630181,0.11687230320416793,0.059602649006622516,0.0
2,pli,10,30.397262876741994,True,snr_isoelectric_db,16.765321237749575,-13.63194163899242,0.11687230320416793,0.059602649006622516,0.0
2,pli,15,35.19443297030718,True,snr_beat_residual_db,19.006560052618024,-16.18787291768916,0.14999456030205133,0.059602649006622516,0.0
2,pli,15,35.19443297030718,True,snr_hsc_db,22.627056594313043,-12.56737637599414,0.14999456030205133,0.059602649006622516,0.0
2,pli,15,35.19443297030718,True,snr_isoelectric_db,16.903593391765174,-18.29083957854201,0.14999456030205133,0.059602649006622516,0.0
2,pli,20,39.61061676798225,True,snr_beat_residual_db,19.080347674193508,-20.530269093788743,0.18745424292830842,0.059602649006622516,1.0
2,pli,20,39.61061676798225,True,snr_hsc_db,22.53192638835579,-17.07869037962646,0.18745424292830842,0.059602649006622516,1.0
2,pli,20,39.61061676798225,True,snr_isoelectric_db,16.93450684922312,-22.67610991875913,0.18745424292830842,0.059602649006622516,1.0
2,bw,0,19.5679744040854,True,snr_beat_residual_db,17.828535461272203,-1.739438942813198,-0.43627530401416237,0.033112582781456956,0.0
2,bw,0,19.5679744040854,True,snr_hsc_db,21.56229683595591,1.9943224318705077,-0.43627530401416237,0.033112582781456956,0.0
2,bw,0,19.5679744040854,True,snr_isoelectric_db,17.013815502974936,-2.5541589011104655,-0.43627530401416237,0.033112582781456956,0.0
2,bw,5,23.859527373965665,True,snr_beat_residual_db,18.747132832794993,-5.112394541170673,-0.18648799443153757,0.046357615894039736,0.0
2,bw,5,23.859527373965665,True,snr_hsc_db,22.326534665390337,-1.5329927085753283,-0.18648799443153757,0.046357615894039736,0.0
2,bw,5,23.859527373965665,True,snr_isoelectric_db,16.972831298796237,-6.886696075169429,-0.18648799443153757,0.046357615894039736,0.0
2,bw,10,35.92552711360819,True,snr_beat_residual_db,19.104165778750513,-16.821361334857677,0.13553496961532552,0.059602649006622516,0.0
2,bw,10,35.92552711360819,True,snr_hsc_db,22.068464724825255,-13.857062388782936,0.13553496961532552,0.059602649006622516,0.0
2,bw,10,35.92552711360819,True,snr_isoelectric_db,16.938608638758524,-18.986918474849666,0.13553496961532552,0.059602649006622516,0.0
2,bw,15,35.91104420262979,True,snr_beat_residual_db,19.075604709173646,-16.835439493456143,0.1601331019902617,0.059602649006622516,1.0
2,bw,15,35.91104420262979,True,snr_hsc_db,23.36921822646253,-12.54182597616726,0.1601331019902617,0.059602649006622516,1.0
2,bw,15,35.91104420262979,True,snr_isoelectric_db,16.935040863233866,-18.976003339395923,0.1601331019902617,0.059602649006622516,1.0
2,bw,20,38.453276130821614,True,snr_beat_residual_db,19.14813017375386,-19.305145957067754,0.14513571241492934,0.059602649006622516,0.0
2,bw,20,38.453276130821614,True,snr_hsc_db,23.452280017415337,-15.000996113406277,0.14513571241492934,0.059602649006622516,0.0
2,bw,20,38.453276130821614,True,snr_isoelectric_db,16.941607341915883,-21.51166878890573,0.14513571241492934,0.059602649006622516,0.0
2,ma(emg),0,0.6552899936000376,True,snr_beat_residual_db,1.2288873732900798,0.5735973796900422,0.02731966307570162,0.3576158940397351,0.0
2,ma(emg),0,0.6552899936000376,True,snr_hsc_db,2.5523651840425465,1.897075190442509,0.02731966307570162,0.3576158940397351,0.0
2,ma(emg),0,0.6552899936000376,True,snr_isoelectric_db,13.213864941300912,12.558574947700874,0.02731966307570162,0.3576158940397351,0.0
2,ma(emg),5,5.506116390750485,True,snr_beat_residual_db,5.898530306972401,0.39241391622191646,0.015523267357454067,0.31788079470198677,0.0
2,ma(emg),5,5.506116390750485,True,snr_hsc_db,5.364629430891025,-0.14148695985945992,0.015523267357454067,0.31788079470198677,0.0
2,ma(emg),5,5.506116390750485,True,snr_isoelectric_db,14.954270187372586,9.448153796622101,0.015523267357454067,0.31788079470198677,0.0
2,ma(emg),10,10.650224734590632,True,snr_beat_residual_db,10.529131011756165,-0.12109372283446618,0.012707776250632064,0.2582781456953642,0.0
2,ma(emg),10,10.650224734590632,True,snr_hsc_db,10.257854980661152,-0.39236975392947926,0.012707776250632064,0.2582781456953642,0.0
2,ma(emg),10,10.650224734590632,True,snr_isoelectric_db,16.059751335217072,5.409526600626441,0.012707776250632064,0.2582781456953642,0.0
2,ma(emg),15,15.801451423031887,True,snr_beat_residual_db,14.42433781158536,-1.3771136114465268,0.02766351293638246,0.07947019867549669,0.0
2,ma(emg),15,15.801451423031887,True,snr_hsc_db,15.2470528194892,-0.5543986035426869,0.02766351293638246,0.07947019867549669,0.0
2,ma(emg),15,15.801451423031887,True,snr_isoelectric_db,16.567295440983266,0.7658440179513786,0.02766351293638246,0.07947019867549669,0.0
2,ma(emg),20,20.397528591368832,True,snr_beat_residual_db,17.153919597001558,-3.243608994367275,0.09946830660203265,0.039735099337748346,0.0
2,ma(emg),20,20.397528591368832,True,snr_hsc_db,19.366274507882693,-1.0312540834861395,0.09946830660203265,0.039735099337748346,0.0
2,ma(emg),20,20.397528591368832,True,snr_isoelectric_db,16.74316934260514,-3.6543592487636936,0.09946830660203265,0.039735099337748346,0.0
2,em(motion),0,7.162787602485295,True,snr_beat_residual_db,9.346898618553732,2.184111016068437,-0.23407811509504955,0.23178807947019867,0.0
2,em(motion),0,7.162787602485295,True,snr_hsc_db,9.56020714250341,2.397419540018115,-0.23407811509504955,0.23178807947019867,0.0
2,em(motion),0,7.162787602485295,True,snr_isoelectric_db,17.68748371121277,10.524696108727476,-0.23407811509504955,0.23178807947019867,0.0
2,em(motion),5,12.403501567158532,True,snr_beat_residual_db,12.981024583008377,0.5775230158498452,-0.10191564509069079,0.152317880794702,0.0
2,em(motion),5,12.403501567158532,True,snr_hsc_db,12.22718827118808,-0.1763132959704521,-0.10191564509069079,0.152317880794702,0.0
2,em(motion),5,12.403501567158532,True,snr_isoelectric_db,17.119008539179056,4.715506972020524,-0.10191564509069079,0.152317880794702,0.0
2,em(motion),10,16.23726604977432,True,snr_beat_residual_db,15.643655921355212,-0.5936101284191082,-0.08754626018443157,0.09933774834437085,0.0
2,em(motion),10,16.23726604977432,True,snr_hsc_db,12.738539890738101,-3.4987261590362184,-0.08754626018443157,0.09933774834437085,0.0
2,em(motion),10,16.23726604977432,True,snr_isoelectric_db,16.99825837973939,0.7609923299650703,-0.08754626018443157,0.09933774834437085,0.0
2,em(motion),15,22.935722945132962,True,snr_beat_residual_db,17.90953883158052,-5.026184113552443,0.11397208244029927,0.046357615894039736,0.0
2,em(motion),15,22.935722945132962,True,snr_hsc_db,25.185274570126175,2.249551624993213,0.11397208244029927,0.046357615894039736,0.0
2,em(motion),15,22.935722945132962,True,snr_isoelectric_db,16.951022421065943,-5.984700524067019,0.11397208244029927,0.046357615894039736,0.0
2,em(motion),20,28.304108216433562,True,snr_beat_residual_db,18.772313478115223,-9.53179473831834,0.1491519713808413,0.052980132450331126,0.0
2,em(motion),20,28.304108216433562,True,snr_hsc_db,22.859478987428883,-5.444629229004679,0.1491519713808413,0.052980132450331126,0.0
2,em(motion),20,28.304108216433562,True,snr_isoelectric_db,16.942096790732187,-11.362011425701375,0.1491519713808413,0.052980132450331126,0.0
2,impulse,0,0.07367398150989943,True,snr_beat_residual_db,-1.7861257189911697,-1.8597997005010691,0.256219634742216,0.35119047619047616,1.0
2,impulse,0,0.07367398150989943,True,snr_hsc_db,-2.2111879662287857,-2.284861947738685,0.256219634742216,0.35119047619047616,1.0
2,impulse,0,0.07367398150989943,True,snr_isoelectric_db,19.754169374277062,19.680495392767163,0.256219634742216,0.35119047619047616,1.0
2,impulse,5,4.906496282040792,True,snr_beat_residual_db,2.7150016651682125,-2.1914946168725797,0.2760358519450436,0.2865853658536585,1.0
2,impulse,5,4.906496282040792,True,snr_hsc_db,4.772496688847653,-0.13399959319313925,0.2760358519450436,0.2865853658536585,1.0
2,impulse,5,4.906496282040792,True,snr_isoelectric_db,18.043686586180947,13.137190304140155,0.2760358519450436,0.2865853658536585,1.0
2,impulse,10,10.175040996301657,True,snr_beat_residual_db,8.24263988388073,-1.9324011124209264,0.15821776058591125,0.2,1.0
2,impulse,10,10.175040996301657,True,snr_hsc_db,7.887167104791012,-2.287873891510645,0.15821776058591125,0.2,1.0
2,impulse,10,10.175040996301657,True,snr_isoelectric_db,17.2727200238918,7.097679027590143,0.15821776058591125,0.2,1.0
2,impulse,15,14.890045902186461,True,snr_beat_residual_db,12.683804034711105,-2.206241867475356,0.056036168789999174,0.14473684210526316,0.0
2,impulse,15,14.890045902186461,True,snr_hsc_db,12.77284436174144,-2.1172015404450217,0.056036168789999174,0.14473684210526316,0.0
2,impulse,15,14.890045902186461,True,snr_isoelectric_db,17.025892383641445,2.1358464814549833,0.056036168789999174,0.14473684210526316,0.0
2,impulse,20,19.955777834692547,True,snr_beat_residual_db,16.669440513047455,-3.2863373216450924,0.08159131967130405,0.0728476821192053,0.0
2,impulse,20,19.955777834692547,True,snr_hsc_db,18.602783081541347,-1.3529947531512008,0.08159131967130405,0.0728476821192053,0.0
2,impulse,20,19.955777834692547,True,snr_isoelectric_db,16.964435259369925,-2.991342575322623,0.08159131967130405,0.0728476821192053,0.0
2,mixed,0,0.17769603324649214,True,snr_beat_residual_db,-0.793440690637156,-0.9711367238836481,0.36849724858304783,0.26993865030674846,1.0
2,mixed,0,0.17769603324649214,True,snr_hsc_db,-4.3718212393225695,-4.549517272569061,0.36849724858304783,0.26993865030674846,1.0
2,mixed,0,0.17769603324649214,True,snr_isoelectric_db,19.852130826995865,19.674434793749374,0.36849724858304783,0.26993865030674846,1.0
2,mixed,5,12.642059061518516,True,snr_beat_residual_db,13.345048144462801,0.7029890829442849,-0.10390285691658063,0.1390728476821192,0.0
2,mixed,5,12.642059061518516,True,snr_hsc_db,13.84153939530371,1.1994803337851945,-0.10390285691658063,0.1390728476821192,0.0
2,mixed,5,12.642059061518516,True,snr_isoelectric_db,17.163916949144557,4.521857887626041,-0.10390285691658063,0.1390728476821192,0.0
2,mixed,10,11.78402605845956,True,snr_beat_residual_db,10.164089467609237,-1.6199365908503225,5.59252256988052e-05,0.17647058823529413,0.0
2,mixed,10,11.78402605845956,True,snr_hsc_db,11.299663303561623,-0.484362754897937,5.59252256988052e-05,0.17647058823529413,0.0
2,mixed,10,11.78402605845956,True,snr_isoelectric_db,17.178781724896485,5.394755666436925,5.59252256988052e-05,0.17647058823529413,0.0
2,mixed,15,21.908718084667886,True,snr_beat_residual_db,18.01938374108129,-3.8893343435865972,0.050275412947548864,0.059602649006622516,0.0
2,mixed,15,21.908718084667886,True,snr_hsc_db,27.376189452778323,5.467471368110438,0.050275412947548864,0.059602649006622516,0.0
2,mixed,15,21.908718084667886,True,snr_isoelectric_db,16.973298970315888,-4.935419114351998,0.050275412947548864,0.059602649006622516,0.0
2,mixed,20,20.84577496367391,True,snr_beat_residual_db,17.25023129032069,-3.5955436733532196,0.08215476815109081,0.046357615894039736,0.0
2,mixed,20,20.84577496367391,True,snr_hsc_db,20.071301519426136,-0.774473444247775,0.08215476815109081,0.046357615894039736,0.0
2,mixed,20,20.84577496367391,True,snr_isoelectric_db,16.389406641442996,-4.456368322230915,0.08215476815109081,0.046357615894039736,0.0
3,awgn,0,1.1849700036820292,True,snr_beat_residual_db,1.6212090534121208,0.43623904973009164,-0.015049124628293643,0.0,0.0
3,awgn,0,1.1849700036820292,True,snr_hsc_db,2.8807082670336466,1.6957382633516174,-0.015049124628293643,0.0,0.0
3,awgn,0,1.1849700036820292,True,snr_isoelectric_db,1.5647169334555688,0.37974692977353963,-0.015049124628293643,0.0,0.0
3,awgn,5,6.116537716854371,True,snr_beat_residual_db,6.277317566953389,0.16077985009901852,-0.004204780637991639,0.0,0.0
3,awgn,5,6.116537716854371,True,snr_hsc_db,6.302621254538638,0.18608353768426777,-0.004204780637991639,0.0,0.0
3,awgn,5,6.116537716854371,True,snr_isoelectric_db,5.96502823486582,-0.1515094819885503,-0.004204780637991639,0.0,0.0
3,awgn,10,11.170017167662818,True,snr_beat_residual_db,10.823734976354249,-0.3462821913085694,0.02140110773152909,0.012121212121212121,0.0
3,awgn,10,11.170017167662818,True,snr_hsc_db,12.05404113478792,0.8840239671251009,0.02140110773152909,0.012121212121212121,0.0
3,awgn,10,11.170017167662818,True,snr_isoelectric_db,10.345527993500458,-0.8244891741623608,0.02140110773152909,0.012121212121212121,0.0
3,awgn,15,16.099236581622222,True,snr_beat_residual_db,14.791712625286781,-1.3075239563354408,0.0017226281420824466,0.030303030303030304,0.0
3,awgn,15,16.099236581622222,True,snr_hsc_db,15.35149571466382,-0.7477408669584023,0.0017226281420824466,0.030303030303030304,0.0
3,awgn,15,16.099236581622222,True,snr_isoelectric_db,13.69110571270955,-2.4081308689126715,0.0017226281420824466,0.030303030303030304,0.0
3,awgn,20,21.154549577424437,True,snr_beat_residual_db,17.45076605306243,-3.703783524362006,0.047032765248386364,0.048484848484848485,0.0
3,awgn,20,21.154549577424437,True,snr_hsc_db,17.319476360213322,-3.8350732172111144,0.047032765248386364,0.048484848484848485,0.0
3,awgn,20,21.154549577424437,True,snr_isoelectric_db,15.49977255610234,-5.654777021322097,0.047032765248386364,0.048484848484848485,0.0
3,pli,0,20.468869521227084,True,snr_beat_residual_db,17.093602937010427,-3.375266584216657,0.0777607030105067,0.06060606060606061,0.0
3,pli,0,20.468869521227084,True,snr_hsc_db,15.374836844726039,-5.094032676501046,0.0777607030105067,0.06060606060606061,0.0
3,pli,0,20.468869521227084,True,snr_isoelectric_db,15.308869178200519,-5.1600003430265655,0.0777607030105067,0.06060606060606061,0.0
3,pli,5,25.392198010522176,True,snr_beat_residual_db,18.78654548477992,-6.605652525742254,0.09729549984131952,0.06666666666666667,0.0
3,pli,5,25.392198010522176,True,snr_hsc_db,18.871261394988508,-6.520936615533667,0.09729549984131952,0.06666666666666667,0.0
3,pli,5,25.392198010522176,True,snr_isoelectric_db,16.213857772708835,-9.178340237813341,0.09729549984131952,0.06666666666666667,0.0
3,pli,10,30.159210842455106,True,snr_beat_residual_db,19.361052406981653,-10.798158435473454,0.16498480885861966,0.05454545454545454,1.0
3,pli,10,30.159210842455106,True,snr_hsc_db,19.91313767908348,-10.246073163371626,0.16498480885861966,0.05454545454545454,1.0
3,pli,10,30.159210842455106,True,snr_isoelectric_db,16.56899814940607,-13.590212693049036,0.16498480885861966,0.05454545454545454,1.0
3,pli,15,34.496536789245404,True,snr_beat_residual_db,19.478002723437157,-15.018534065808247,0.22862386605990692,0.06060606060606061,1.0
3,pli,15,34.496536789245404,True,snr_hsc_db,19.599600952962465,-14.896935836282939,0.22862386605990692,0.06060606060606061,1.0
3,pli,15,34.496536789245404,True,snr_isoelectric_db,16.731572596179596,-17.764964193065808,0.22862386605990692,0.06060606060606061,1.0
3,pli,20,37.88656914407937,True,snr_beat_residual_db,19.579321753096167,-18.3072473909832,0.24743110471495516,0.06666666666666667,1.0
3,pli,20,37.88656914407937,True,snr_hsc_db,19.712674703595926,-18.17389444048344,0.24743110471495516,0.06666666666666667,1.0
3,pli,20,37.88656914407937,True,snr_isoelectric_db,16.767470212618353,-21.119098931461014,0.24743110471495516,0.06666666666666667,1.0
3,bw,0,24.801614573422363,True,snr_beat_residual_db,19.202447593829948,-5.599166979592415,-0.1525547569088141,0.06666666666666667,0.0
3,bw,0,24.801614573422363,True,snr_hsc_db,20.0722095319038,-4.7294050415185644,-0.1525547569088141,0.06666666666666667,0.0
3,bw,0,24.801614573422363,True,snr_isoelectric_db,16.8129374080334,-7.988677165388964,-0.1525547569088141,0.06666666666666667,0.0
3,bw,5,28.40544275395451,True,snr_beat_residual_db,19.36693364976034,-9.03850910419417,0.030044459481218165,0.07272727272727272,0.0
3,bw,5,28.40544275395451,True,snr_hsc_db,18.491209215974525,-9.914233537979985,0.030044459481218165,0.07272727272727272,0.0
3,bw,5,28.40544275395451,True,snr_isoelectric_db,16.80423055608166,-11.60121219787285,0.030044459481218165,0.07272727272727272,0.0
3,bw,10,30.83128906086467,True,snr_beat_residual_db,19.55046563886698,-11.280823421997688,0.10855313427517642,0.06666666666666667,0.0
3,bw,10,30.83128906086467,True,snr_hsc_db,19.954776107802353,-10.876512953062317,0.10855313427517642,0.06666666666666667,0.0
3,bw,10,30.83128906086467,True,snr_isoelectric_db,16.789783011947467,-14.041506048917203,0.10855313427517642,0.06666666666666667,0.0
3,bw,15,37.067950651813355,True,snr_beat_residual_db,19.541198694764276,-17.52675195704908,0.21228542685726842,0.06666666666666667,1.0
3,bw,15,37.067950651813355,True,snr_hsc_db,19.81481928320352,-17.253131368609836,0.21228542685726842,0.06666666666666667,1.0
3,bw,15,37.067950651813355,True,snr_isoelectric_db,16.799096638615445,-20.26885401319791,0.21228542685726842,0.06666666666666667,1.0
3,bw,20,40.56877393509586,True,snr_beat_residual_db,19.625241315158988,-20.943532619936875,0.2503893139947949,0.06666666666666667,1.0
3,bw,20,40.56877393509586,True,snr_hsc_db,19.619365617536666,-20.949408317559197,0.2503893139947949,0.06666666666666667,1.0
3,bw,20,40.56877393509586,True,snr_isoelectric_db,16.789320357403938,-23.779453577691925,0.2503893139947949,0.06666666666666667,1.0
3,ma(emg),0,0.7169143218669165,True,snr_beat_residual_db,1.0451292811089132,0.32821495924199673,0.017725170093329214,0.3212121212121212,0.0
3,ma(emg),0,0.7169143218669165,True,snr_hsc_db,0.20849791960718783,-0.5084164022597286,0.017725170093329214,0.3212121212121212,0.0
3,ma(emg),0,0.7169143218669165,True,snr_isoelectric_db,13.282353010373908,12.565438688506992,0.017725170093329214,0.3212121212121212,0.0
3,ma(emg),5,5.520446725984297,True,snr_beat_residual_db,5.746148535268494,0.22570180928419692,-0.0031710704091549085,0.296969696969697,0.0
3,ma(emg),5,5.520446725984297,True,snr_hsc_db,5.297985186631738,-0.22246153935255908,-0.0031710704091549085,0.296969696969697,0.0
3,ma(emg),5,5.520446725984297,True,snr_isoelectric_db,15.104047883417557,9.583601157433261,-0.0031710704091549085,0.296969696969697,0.0
3,ma(emg),10,10.698066082507093,True,snr_beat_residual_db,10.392626616355043,-0.3054394661520501,0.023428704549345307,0.15757575757575756,0.0
3,ma(emg),10,10.698066082507093,True,snr_hsc_db,9.952055411566654,-0.7460106709404393,0.023428704549345307,0.15757575757575756,0.0
3,ma(emg),10,10.698066082507093,True,snr_isoelectric_db,16.173085504385305,5.475019421878212,0.023428704549345307,0.15757575757575756,0.0
3,ma(emg),15,15.594921022204524,True,snr_beat_residual_db,14.48538069661314,-1.109540325591384,0.03757241168535494,0.11515151515151516,0.0
3,ma(emg),15,15.594921022204524,True,snr_hsc_db,14.168658522384295,-1.4262624998202291,0.03757241168535494,0.11515151515151516,0.0
3,ma(emg),15,15.594921022204524,True,snr_isoelectric_db,16.46527081184945,0.8703497896449264,0.03757241168535494,0.11515151515151516,0.0
3,ma(emg),20,21.31791680511347,True,snr_beat_residual_db,17.179221620648207,-4.138695184465263,0.08421751628612692,0.048484848484848485,0.0
3,ma(emg),20,21.31791680511347,True,snr_hsc_db,17.038972123783235,-4.278944681330234,0.08421751628612692,0.048484848484848485,0.0
3,ma(emg),20,21.31791680511347,True,snr_isoelectric_db,16.626479917529092,-4.691436887584377,0.08421751628612692,0.048484848484848485,0.0
3,em(motion),0,7.860689386269206,True,snr_beat_residual_db,8.185223732581004,0.32453434631179867,-0.26754709880824257,0.18181818181818182,0.0
3,em(motion),0,7.860689386269206,True,snr_hsc_db,7.998241214961571,0.1375518286923656,-0.26754709880824257,0.18181818181818182,0.0
3,em(motion),0,7.860689386269206,True,snr_isoelectric_db,17.433737954796605,9.5730485685274,-0.26754709880824257,0.18181818181818182,0.0
3,em(motion),5,12.06003404371721,True,snr_beat_residual_db,12.52176141826207,0.4617273745448607,-0.11901795635047918,0.1393939393939394,0.0
3,em(motion),5,12.06003404371721,True,snr_hsc_db,7.900502744008005,-4.159531299709204,-0.11901795635047918,0.1393939393939394,0.0
3,em(motion),5,12.06003404371721,True,snr_isoelectric_db,17.06736281756626,5.00732877384905,-0.11901795635047918,0.1393939393939394,0.0
3,em(motion),10,16.502831421846,True,snr_beat_residual_db,15.800411407059041,-0.7024200147869593,-0.04365336579816899,0.10909090909090909,0.0
3,em(motion),10,16.502831421846,True,snr_hsc_db,18.635515332053572,2.1326839102075716,-0.04365336579816899,0.10909090909090909,0.0
3,em(motion),10,16.502831421846,True,snr_isoelectric_db,16.884917019820517,0.38208559797451613,-0.04365336579816899,0.10909090909090909,0.0
3,em(motion),15,23.14643464863029,True,snr_beat_residual_db,18.445505555517375,-4.700929093112915,-0.03944387429250397,0.048484848484848485,0.0
3,em(motion),15,23.14643464863029,True,snr_hsc_db,17.556651351625,-5.58978329700529,-0.03944387429250397,0.048484848484848485,0.0
3,em(motion),15,23.14643464863029,True,snr_isoelectric_db,16.811606131402925,-6.334828517227365,-0.03944387429250397,0.048484848484848485,0.0
3,em(motion),20,29.00631457861722,True,snr_beat_residual_db,19.097796820556574,-9.908517758060647,0.10319858031924581,0.06060606060606061,0.0
3,em(motion),20,29.00631457861722,True,snr_hsc_db,21.430857488536844,-7.575457090080377,0.10319858031924581,0.06060606060606061,0.0
3,em(motion),20,29.00631457861722,True,snr_isoelectric_db,16.814211974206177,-12.192102604411044,0.10319858031924581,0.06060606060606061,0.0
3,impulse,0,0.5817693233881857,True,snr_beat_residual_db,-0.5937787206495416,-1.1755480440377273,0.37993680713559297,0.3202247191011236,1.0
3,impulse,0,0.5817693233881857,True,snr_hsc_db,-6.888213631877856,-7.469982955266042,0.37993680713559297,0.3202247191011236,1.0
3,impulse,0,0.5817693233881857,True,snr_isoelectric_db,19.73905891493293,19.157289591544743,0.37993680713559297,0.3202247191011236,1.0
3,impulse,5,4.89735178947563,True,snr_beat_residual_db,3.0858542650746017,-1.8114975244010285,0.1936850234120715,0.2994350282485876,1.0
3,impulse,5,4.89735178947563,True,snr_hsc_db,4.6175201799628205,-0.2798316095128097,0.1936850234120715,0.2994350282485876,1.0
3,impulse,5,4.89735178947563,True,snr_isoelectric_db,17.88853429839542,12.99118250891979,0.1936850234120715,0.2994350282485876,1.0
3,impulse,10,10.915127109767198,True,snr_beat_residual_db,8.251981790260723,-2.6631453195064747,0.0867704053992199,0.15976331360946747,0.0
3,impulse,10,10.915127109767198,True,snr_hsc_db,9.74355038725019,-1.171576722517008,0.0867704053992199,0.15976331360946747,0.0
3,impulse,10,10.915127109767198,True,snr_isoelectric_db,17.17239269714691,6.257265587379713,0.0867704053992199,0.15976331360946747,0.0
3,impulse,15,15.188627913930562,True,snr_beat_residual_db,14.188055430781525,-1.0005724831490372,0.07532230291473521,0.15151515151515152,0.0
3,impulse,15,15.188627913930562,True,snr_hsc_db,14.158610732183716,-1.030017181746846,0.07532230291473521,0.15151515151515152,0.0
3,impulse,15,15.188627913930562,True,snr_isoelectric_db,16.88635226890481,1.6977243549742465,0.07532230291473521,0.15151515151515152,0.0
3,impulse,20,20.020395512378542,True,snr_beat_residual_db,16.95400005767325,-3.0663954547052903,0.0994959932865773,0.06060606060606061,0.0
3,impulse,20,20.020395512378542,True,snr_hsc_db,17.41607370227657,-2.604321810101972,0.0994959932865773,0.06060606060606061,0.0
3,impulse,20,20.020395512378542,True,snr_isoelectric_db,16.825359649463817,-3.1950358629147253,0.0994959932865773,0.06060606060606061,0.0
3,mixed,0,0.07106564651219714,True,snr_beat_residual_db,-0.8431855498842323,-0.9142511963964295,0.07031916397776129,0.2777777777777778,0.0
3,mixed,0,0.07106564651219714,True,snr_hsc_db,-0.8013148230521211,-0.8723804695643183,0.07031916397776129,0.2777777777777778,0.0
3,mixed,0,0.07106564651219714,True,snr_isoelectric_db,17.89378830675853,17.822722660246335,0.07031916397776129,0.2777777777777778,0.0
3,mixed,5,30.427572555063765,True,snr_beat_residual_db,19.41005646046383,-11.017516094599934,0.059269942233803566,0.06666666666666667,0.0
3,mixed,5,30.427572555063765,True,snr_hsc_db,20.25703989994202,-10.170532655121747,0.059269942233803566,0.06666666666666667,0.0
3,mixed,5,30.427572555063765,True,snr_isoelectric_db,16.812915063147663,-13.614657491916102,0.059269942233803566,0.06666666666666667,0.0
3,mixed,10,9.98640319983111,True,snr_beat_residual_db,9.020918662859758,-0.965484536971351,0.03738283251090305,0.07272727272727272,0.0
3,mixed,10,9.98640319983111,True,snr_hsc_db,9.716695805778349,-0.26970739405276056,0.03738283251090305,0.07272727272727272,0.0
3,mixed,10,9.98640319983111,True,snr_isoelectric_db,16.758242583123554,6.771839383292445,0.03738283251090305,0.07272727272727272,0.0
3,mixed,15,35.30535539728526,True,snr_beat_residual_db,19.476356746468923,-15.828998650816338,0.17085693063637297,0.06666666666666667,1.0
3,mixed,15,35.30535539728526,True,snr_hsc_db,19.8464110602764,-15.458944337008862,0.17085693063637297,0.06666666666666667,1.0
3,mixed,15,35.30535539728526,True,snr_isoelectric_db,16.811779368983654,-18.493576028301607,0.17085693063637297,0.06666666666666667,1.0
3,mixed,20,22.236480645582922,True,snr_beat_residual_db,17.929136557790844,-4.307344087792078,0.07974216622699841,0.06060606060606061,0.0
3,mixed,20,22.236480645582922,True,snr_hsc_db,17.687537264875246,-4.5489433807076765,0.07974216622699841,0.06060606060606061,0.0
3,mixed,20,22.236480645582922,True,snr_isoelectric_db,15.972674778485738,-6.263805867097185,0.07974216622699841,0.06060606060606061,0.0
4,awgn,0,1.1619403210666615,True,snr_beat_residual_db,1.2092252733658386,0.047284952299177174,0.01466009981446972,0.0,0.0
4,awgn,0,1.1619403210666615,True,snr_hsc_db,1.413860046881987,0.2519197258153256,0.01466009981446972,0.0,0.0
4,awgn,0,1.1619403210666615,True,snr_isoelectric_db,1.763612664594121,0.6016723435274596,0.01466009981446972,0.0,0.0
4,awgn,5,6.150119193561574,True,snr_beat_residual_db,6.026174151666445,-0.12394504189512912,0.009477952905917637,0.0056179775280898875,0.0
4,awgn,5,6.150119193561574,True,snr_hsc_db,6.01911122580168,-0.13100796775989387,0.009477952905917637,0.0056179775280898875,0.0
4,awgn,5,6.150119193561574,True,snr_isoelectric_db,6.129915221619799,-0.02020397194177459,0.009477952905917637,0.0056179775280898875,0.0
4,awgn,10,11.104259167089863,True,snr_beat_residual_db,10.530037939498031,-0.5742212275918313,0.012820874586772694,0.016853932584269662,0.0
4,awgn,10,11.104259167089863,True,snr_hsc_db,9.304469931984773,-1.7997892351050897,0.012820874586772694,0.016853932584269662,0.0
4,awgn,10,11.104259167089863,True,snr_isoelectric_db,10.74806060961851,-0.35619855747135354,0.012820874586772694,0.016853932584269662,0.0
4,awgn,15,16.151970348372846,True,snr_beat_residual_db,14.257689889625775,-1.8942804587470707,0.04805625564127012,0.02247191011235955,0.0
4,awgn,15,16.151970348372846,True,snr_hsc_db,12.906256711252041,-3.2457136371208044,0.04805625564127012,0.02247191011235955,0.0
4,awgn,15,16.151970348372846,True,snr_isoelectric_db,13.706629212211375,-2.4453411361614705,0.04805625564127012,0.02247191011235955,0.0
4,awgn,20,21.151046216388977,True,snr_beat_residual_db,16.755594539807632,-4.395451676581345,0.10691990472825946,0.033707865168539325,0.0
4,awgn,20,21.151046216388977,True,snr_hsc_db,15.639766619785414,-5.511279596603563,0.10691990472825946,0.033707865168539325,0.0
4,awgn,20,21.151046216388977,True,snr_isoelectric_db,15.502173453654091,-5.648872762734886,0.10691990472825946,0.033707865168539325,0.0
4,pli,0,20.391282384887283,True,snr_beat_residual_db,16.661956017227794,-3.729326367659489,0.0624762471308683,0.028089887640449437,0.0
4,pli,0,20.391282384887283,True,snr_hsc_db,15.931513131187193,-4.45976925370009,0.0624762471308683,0.028089887640449437,0.0
4,pli,0,20.391282384887283,True,snr_isoelectric_db,15.206591032795076,-5.184691352092207,0.0624762471308683,0.028089887640449437,0.0
4,pli,5,25.189424241459257,True,snr_beat_residual_db,17.674217302721576,-7.5152069387376805,0.13137191747294202,0.028089887640449437,0.0
4,pli,5,25.189424241459257,True,snr_hsc_db,15.963933327402371,-9.225490914056886,0.13137191747294202,0.028089887640449437,0.0
4,pli,5,25.189424241459257,True,snr_isoelectric_db,16.29731976163628,-8.892104479822976,0.13137191747294202,0.028089887640449437,0.0
4,pli,10,29.605127448492638,True,snr_beat_residual_db,18.454347729249992,-11.150779719242646,0.1406618918563995,0.0449438202247191,0.0
4,pli,10,29.605127448492638,True,snr_hsc_db,16.241668507639368,-13.36345894085327,0.1406618918563995,0.0449438202247191,0.0
4,pli,10,29.605127448492638,True,snr_isoelectric_db,16.570628613364047,-13.034498835128591,0.1406618918563995,0.0449438202247191,0.0
4,pli,15,33.1493892199473,True,snr_beat_residual_db,18.590362854127974,-14.559026365819328,0.18947162109209428,0.05056179775280899,1.0
4,pli,15,33.1493892199473,True,snr_hsc_db,16.191292086580155,-16.958097133367147,0.18947162109209428,0.05056179775280899,1.0
4,pli,15,33.1493892199473,True,snr_isoelectric_db,16.71347340953055,-16.435915810416752,0.18947162109209428,0.05056179775280899,1.0
4,pli,20,35.36420733022378,True,snr_beat_residual_db,18.606040193175897,-16.75816713704788,0.17630522042265923,0.033707865168539325,1.0
4,pli,20,35.36420733022378,True,snr_hsc_db,16.103894228047835,-19.260313102175942,0.17630522042265923,0.033707865168539325,1.0
4,pli,20,35.36420733022378,True,snr_isoelectric_db,16.7575871921145,-18.606620138109278,0.17630522042265923,0.033707865168539325,1.0
4,bw,0,23.503815107690713,True,snr_beat_residual_db,18.347466753063042,-5.156348354627671,-0.08313934664504526,0.03932584269662921,0.0
4,bw,0,23.503815107690713,True,snr_hsc_db,15.564540354915072,-7.93927475277564,-0.08313934664504526,0.03932584269662921,0.0
4,bw,0,23.503815107690713,True,snr_isoelectric_db,16.814255517337706,-6.6895595903530065,-0.08313934664504526,0.03932584269662921,0.0
4,bw,5,25.756317486918334,True,snr_beat_residual_db,18.340819972924006,-7.415497513994328,-0.037244833458354595,0.016853932584269662,0.0
4,bw,5,25.756317486918334,True,snr_hsc_db,15.757181600319225,-9.99913588659911,-0.037244833458354595,0.016853932584269662,0.0
4,bw,5,25.756317486918334,True,snr_isoelectric_db,16.82913716166885,-8.927180325249484,-0.037244833458354595,0.016853932584269662,0.0
4,bw,10,29.886922729656895,True,snr_beat_residual_db,18.476603326248878,-11.410319403408018,0.07977446308572507,0.033707865168539325,0.0
4,bw,10,29.886922729656895,True,snr_hsc_db,16.558620364943316,-13.32830236471358,0.07977446308572507,0.033707865168539325,0.0
4,bw,10,29.886922729656895,True,snr_isoelectric_db,16.81633540801145,-13.070587321645444,0.07977446308572507,0.033707865168539325,0.0
4,bw,15,35.23922975931165,True,snr_beat_residual_db,18.55287256299419,-16.68635719631746,0.1167773837813066,0.03932584269662921,0.0
4,bw,15,35.23922975931165,True,snr_hsc_db,16.050602008511845,-19.188627750799803,0.1167773837813066,0.03932584269662921,0.0
4,bw,15,35.23922975931165,True,snr_isoelectric_db,16.815855733226982,-18.423374026084666,0.1167773837813066,0.03932584269662921,0.0
4,bw,20,43.3006845966018,True,snr_beat_residual_db,18.66402613883783,-24.636658457763968,0.2060138012191344,0.033707865168539325,1.0
4,bw,20,43.3006845966018,True,snr_hsc_db,16.19098746105062,-27.109697135551176,0.2060138012191344,0.033707865168539325,1.0
4,bw,20,43.3006845966018,True,snr_isoelectric_db,16.805748181707152,-26.494936414894646,0.2060138012191344,0.033707865168539325,1.0
4,ma(emg),0,0.4433824633586032,True,snr_beat_residual_db,0.563738234430244,0.12035577107164075,0.048907553252097044,0.3202247191011236,0.0
4,ma(emg),0,0.4433824633586032,True,snr_hsc_db,-0.17462444997318866,-0.6180069133317918,0.048907553252097044,0.3202247191011236,0.0
4,ma(emg),0,0.4433824633586032,True,snr_isoelectric_db,13.796927553465107,13.353545090106504,0.048907553252097044,0.3202247191011236,0.0
4,ma(emg),5,5.439916026627969,True,snr_beat_residual_db,5.467143422021865,0.027227395393895293,0.047586631787846737,0.2808988764044944,0.0
4,ma(emg),5,5.439916026627969,True,snr_hsc_db,5.606304911268203,0.1663888846402335,0.047586631787846737,0.2808988764044944,0.0
4,ma(emg),5,5.439916026627969,True,snr_isoelectric_db,15.2312622252337,9.79134619860573,0.047586631787846737,0.2808988764044944,0.0
4,ma(emg),10,10.710652576083483,True,snr_beat_residual_db,10.091014374660965,-0.6196382014225179,0.03039490034367817,0.2303370786516854,0.0
4,ma(emg),10,10.710652576083483,True,snr_hsc_db,9.776349379717463,-0.9343031963660202,0.03039490034367817,0.2303370786516854,0.0
4,ma(emg),10,10.710652576083483,True,snr_isoelectric_db,16.008668189431063,5.29801561334758,0.03039490034367817,0.2303370786516854,0.0
4,ma(emg),15,15.840071428365688,True,snr_beat_residual_db,13.844655266189843,-1.9954161621758448,0.04811092958259259,0.08426966292134831,0.0
4,ma(emg),15,15.840071428365688,True,snr_hsc_db,13.462411460212117,-2.377659968153571,0.04811092958259259,0.08426966292134831,0.0
4,ma(emg),15,15.840071428365688,True,snr_isoelectric_db,16.44194916121656,0.6018777328508715,0.04811092958259259,0.08426966292134831,0.0
4,ma(emg),20,20.429693999114548,True,snr_beat_residual_db,16.537055986322127,-3.892638012792421,0.08438661805039797,0.011235955056179775,0.0
4,ma(emg),20,20.429693999114548,True,snr_hsc_db,15.099930673857774,-5.329763325256774,0.08438661805039797,0.011235955056179775,0.0
4,ma(emg),20,20.429693999114548,True,snr_isoelectric_db,16.59001426485833,-3.839679734256219,0.08438661805039797,0.011235955056179775,0.0
4,em(motion),0,6.948447383155976,True,snr_beat_residual_db,8.125058756057475,1.1766113729014993,-0.18270065893736315,0.1853932584269663,0.0
4,em(motion),0,6.948447383155976,True,snr_hsc_db,2.8937259152843016,-4.0547214678716745,-0.18270065893736315,0.1853932584269663,0.0
4,em(motion),0,6.948447383155976,True,snr_isoelectric_db,17.50609733676517,10.557649953609193,-0.18270065893736315,0.1853932584269663,0.0
4,em(motion),5,10.296847766528558,True,snr_beat_residual_db,11.688210483529582,1.3913627170010248,-0.2083905130499453,0.1404494382022472,0.0
4,em(motion),5,10.296847766528558,True,snr_hsc_db,11.800352525292357,1.5035047587637997,-0.2083905130499453,0.1404494382022472,0.0
4,em(motion),5,10.296847766528558,True,snr_isoelectric_db,17.0963628818469,6.799515115318343,-0.2083905130499453,0.1404494382022472,0.0
4,em(motion),10,18.81483509110933,True,snr_beat_residual_db,16.47807713484226,-2.3367579562670713,-0.13253525793517507,0.06179775280898876,0.0
4,em(motion),10,18.81483509110933,True,snr_hsc_db,17.1499347338039,-1.6649003573054308,-0.13253525793517507,0.06179775280898876,0.0
4,em(motion),10,18.81483509110933,True,snr_isoelectric_db,16.833654350169468,-1.9811807409398625,-0.13253525793517507,0.06179775280898876,0.0
4,em(motion),15,20.633535266421397,True,snr_beat_residual_db,17.065403044588642,-3.568132221832755,0.00894628904154361,0.056179775280898875,0.0
4,em(motion),15,20.633535266421397,True,snr_hsc_db,16.083731671162894,-4.549803595258503,0.00894628904154361,0.056179775280898875,0.0
4,em(motion),15,20.633535266421397,True,snr_isoelectric_db,16.83447011815249,-3.799065148268909,0.00894628904154361,0.056179775280898875,0.0
4,em(motion),20,26.295343924203625,True,snr_beat_residual_db,18.128895912445195,-8.16644801175843,0.10667234491620993,0.033707865168539325,0.0
4,em(motion),20,26.295343924203625,True,snr_hsc_db,14.334481341646502,-11.960862582557123,0.10667234491620993,0.033707865168539325,0.0
4,em(motion),20,26.295343924203625,True,snr_isoelectric_db,16.819908090360762,-9.475435833842862,0.10667234491620993,0.033707865168539325,0.0
4,impulse,0,-0.18035452343501507,True,snr_beat_residual_db,-1.5736007599855484,-1.3932462365505334,0.40750224237295624,0.3383838383838384,1.0
4,impulse,0,-0.18035452343501507,True,snr_hsc_db,-1.4952957900758157,-1.3149412666408007,0.40750224237295624,0.3383838383838384,1.0
4,impulse,0,-0.18035452343501507,True,snr_isoelectric_db,19.760698140594,19.941052664029012,0.40750224237295624,0.3383838383838384,1.0
4,impulse,5,5.620861419643153,True,snr_beat_residual_db,2.7954778797252198,-2.825383539917933,0.13465536116569066,0.2553191489361702,0.0
4,impulse,5,5.620861419643153,True,snr_hsc_db,3.5578968935295547,-2.062964526113598,0.13465536116569066,0.2553191489361702,0.0
4,impulse,5,5.620861419643153,True,snr_isoelectric_db,17.97297850856763,12.352117088924476,0.13465536116569066,0.2553191489361702,0.0
4,impulse,10,9.762343507175052,True,snr_beat_residual_db,8.153025045861718,-1.6093184613133342,0.07457777532100451,0.2011173184357542,0.0
4,impulse,10,9.762343507175052,True,snr_hsc_db,7.711400314189203,-2.050943192985849,0.07457777532100451,0.2011173184357542,0.0
4,impulse,10,9.762343507175052,True,snr_isoelectric_db,17.163127646128487,7.400784138953435,0.07457777532100451,0.2011173184357542,0.0
4,impulse,15,14.92350910370416,True,snr_beat_residual_db,13.628228136273039,-1.29528096743112,0.07640868245944063,0.10674157303370786,0.0
4,impulse,15,14.92350910370416,True,snr_hsc_db,12.149777819299468,-2.7737312844046915,0.07640868245944063,0.10674157303370786,0.0
4,impulse,15,14.92350910370416,True,snr_isoelectric_db,16.900718200619863,1.9772090969157041,0.07640868245944063,0.10674157303370786,0.0
4,impulse,20,20.33257105995999,True,snr_beat_residual_db,16.339197403088082,-3.9933736568719063,0.09143077490994336,0.07865168539325842,0.0
4,impulse,20,20.33257105995999,True,snr_hsc_db,14.976156537563313,-5.356414522396676,0.09143077490994336,0.07865168539325842,0.0
4,impulse,20,20.33257105995999,True,snr_isoelectric_db,16.86388442338559,-3.4686866365744002,0.09143077490994336,0.07865168539325842,0.0
4,mixed,0,20.39114442063301,True,snr_beat_residual_db,16.463839844536434,-3.927304576096578,0.035751005012094786,0.03932584269662921,0.0
4,mixed,0,20.39114442063301,True,snr_hsc_db,15.80268579605687,-4.588458624576141,0.035751005012094786,0.03932584269662921,0.0
4,mixed,0,20.39114442063301,True,snr_isoelectric_db,15.301130111634647,-5.090014308998365,0.035751005012094786,0.03932584269662921,0.0
4,mixed,5,5.272397582415826,True,snr_beat_residual_db,3.644966366679767,-1.6274312157360584,0.0335743243997336,0.08602150537634409,0.0
4,mixed,5,5.272397582415826,True,snr_hsc_db,3.2040635005393,-2.0683340818765257,0.0335743243997336,0.08602150537634409,0.0
4,mixed,5,5.272397582415826,True,snr_isoelectric_db,16.22723151053939,10.954833928123564,0.0335743243997336,0.08602150537634409,0.0
4,mixed,10,16.095098995667794,True,snr_beat_residual_db,14.426377870066185,-1.6687211256016088,0.014207020710043672,0.03932584269662921,0.0
4,mixed,10,16.095098995667794,True,snr_hsc_db,12.846781154220926,-3.248317841446868,0.014207020710043672,0.03932584269662921,0.0
4,mixed,10,16.095098995667794,True,snr_isoelectric_db,14.339520817522315,-1.7555781781454787,0.014207020710043672,0.03932584269662921,0.0
4,mixed,15,14.71208935596827,True,snr_beat_residual_db,12.493889633945203,-2.2181997220230674,0.08784179709842513,0.11731843575418995,0.0
4,mixed,15,14.71208935596827,True,snr_hsc_db,12.64473316673574,-2.0673561892325303,0.08784179709842513,0.11731843575418995,0.0
4,mixed,15,14.71208935596827,True,snr_isoelectric_db,16.929061735308547,2.2169723793402767,0.08784179709842513,0.11731843575418995,0.0
4,mixed,20,24.00852151574665,True,snr_beat_residual_db,17.58010842393758,-6.42841309180907,0.14800647703836858,0.0449438202247191,0.0
4,mixed,20,24.00852151574665,True,snr_hsc_db,15.292909637546256,-8.715611878200395,0.14800647703836858,0.0449438202247191,0.0
4,mixed,20,24.00852151574665,True,snr_isoelectric_db,16.178352029461834,-7.830169486284817,0.14800647703836858,0.0449438202247191,0.0
