rep,noise,true_snr,true_snr_eff,fe,estimator,est,err,lag1,artf,warn_corr
0,awgn,0,0.0,False,snr_beat_residual_db,-3.4235981156227746,-3.4235981156227746,0.060325584546494684,0.09271523178807947,0.0
0,awgn,0,0.0,False,snr_hsc_db,-3.0619044395317867,-3.0619044395317867,0.060325584546494684,0.09271523178807947,0.0
0,awgn,0,0.0,False,snr_isoelectric_db,0.4479241433143128,0.4479241433143128,0.060325584546494684,0.09271523178807947,0.0
0,awgn,5,5.0,False,snr_beat_residual_db,2.0121384836197818,-2.9878615163802182,0.06821701236315673,0.02857142857142857,0.0
0,awgn,5,5.0,False,snr_hsc_db,2.168076831572133,-2.831923168427867,0.06821701236315673,0.02857142857142857,0.0
0,awgn,5,5.0,False,snr_isoelectric_db,5.19763519725282,0.1976351972528203,0.06821701236315673,0.02857142857142857,0.0
0,awgn,10,10.0,False,snr_beat_residual_db,5.988604297460224,-4.011395702539776,0.20771739435787154,0.050359712230215826,1.0
0,awgn,10,10.0,False,snr_hsc_db,6.735787658764219,-3.2642123412357806,0.20771739435787154,0.050359712230215826,1.0
0,awgn,10,10.0,False,snr_isoelectric_db,9.463304906415042,-0.5366950935849584,0.20771739435787154,0.050359712230215826,1.0
0,awgn,15,15.0,False,snr_beat_residual_db,8.662814677749243,-6.3371853222507575,0.41923615917503293,0.06474820143884892,1.0
0,awgn,15,15.0,False,snr_hsc_db,9.076019169723525,-5.923980830276475,0.41923615917503293,0.06474820143884892,1.0
0,awgn,15,15.0,False,snr_isoelectric_db,13.196335905695811,-1.8036640943041888,0.41923615917503293,0.06474820143884892,1.0
0,awgn,20,20.0,False,snr_beat_residual_db,10.099725742264322,-9.900274257735678,0.549556133449707,0.07913669064748201,1.0
0,awgn,20,20.0,False,snr_hsc_db,10.59256136999383,-9.40743863000617,0.549556133449707,0.07913669064748201,1.0
0,awgn,20,20.0,False,snr_isoelectric_db,15.705464577761937,-4.294535422238063,0.549556133449707,0.07913669064748201,1.0
0,pli,0,0.0,False,snr_beat_residual_db,9.903531595099702,9.903531595099702,0.271949399272052,0.014388489208633094,1.0
0,pli,0,0.0,False,snr_hsc_db,9.054640102577462,9.054640102577462,0.271949399272052,0.014388489208633094,1.0
0,pli,0,0.0,False,snr_isoelectric_db,-0.18189167215241178,-0.18189167215241178,0.271949399272052,0.014388489208633094,1.0
0,pli,5,5.0,False,snr_beat_residual_db,7.951767325763333,2.951767325763333,0.30737912662739303,0.014388489208633094,1.0
0,pli,5,5.0,False,snr_hsc_db,10.211248425177308,5.211248425177308,0.30737912662739303,0.014388489208633094,1.0
0,pli,5,5.0,False,snr_isoelectric_db,4.761058478021365,-0.23894152197863505,0.30737912662739303,0.014388489208633094,1.0
0,pli,10,10.0,False,snr_beat_residual_db,6.262146366510662,-3.7378536334893377,0.3641568809162007,0.007194244604316547,1.0
0,pli,10,10.0,False,snr_hsc_db,9.992764188023198,-0.007235811976801898,0.3641568809162007,0.007194244604316547,1.0
0,pli,10,10.0,False,snr_isoelectric_db,9.14165636662441,-0.8583436333755898,0.3641568809162007,0.007194244604316547,1.0
0,pli,15,15.0,False,snr_beat_residual_db,8.66668944116787,-6.33331055883213,0.4304161950251506,0.06474820143884892,1.0
0,pli,15,15.0,False,snr_hsc_db,10.931717641885008,-4.068282358114992,0.4304161950251506,0.06474820143884892,1.0
0,pli,15,15.0,False,snr_isoelectric_db,12.952048707370011,-2.047951292629989,0.4304161950251506,0.06474820143884892,1.0
0,pli,20,20.0,False,snr_beat_residual_db,10.074180858244539,-9.925819141755461,0.5485001997810064,0.07913669064748201,1.0
0,pli,20,20.0,False,snr_hsc_db,11.198871981970711,-8.801128018029289,0.5485001997810064,0.07913669064748201,1.0
0,pli,20,20.0,False,snr_isoelectric_db,15.522110921326169,-4.477889078673831,0.5485001997810064,0.07913669064748201,1.0
0,bw,0,0.0,False,snr_beat_residual_db,5.34645095321012,5.34645095321012,0.04674081087552384,0.02158273381294964,0.0
0,bw,0,0.0,False,snr_hsc_db,6.011949881596004,6.011949881596004,0.04674081087552384,0.02158273381294964,0.0
0,bw,0,0.0,False,snr_isoelectric_db,20.568254672108747,20.568254672108747,0.04674081087552384,0.02158273381294964,0.0
0,bw,5,5.0,False,snr_beat_residual_db,9.220979213204565,4.220979213204565,0.663749346523824,0.07194244604316546,1.0
0,bw,5,5.0,False,snr_hsc_db,11.18014842256504,6.18014842256504,0.663749346523824,0.07194244604316546,1.0
0,bw,5,5.0,False,snr_isoelectric_db,18.770554409502523,13.770554409502523,0.663749346523824,0.07194244604316546,1.0
0,bw,10,10.0,False,snr_beat_residual_db,10.375343379405304,0.3753433794053045,0.5913438377041659,0.07194244604316546,1.0
0,bw,10,10.0,False,snr_hsc_db,11.726741817247795,1.7267418172477953,0.5913438377041659,0.07194244604316546,1.0
0,bw,10,10.0,False,snr_isoelectric_db,18.162486594975995,8.162486594975995,0.5913438377041659,0.07194244604316546,1.0
0,bw,15,15.0,False,snr_beat_residual_db,10.808003029632324,-4.191996970367676,0.6961375758632862,0.08633093525179857,1.0
0,bw,15,15.0,False,snr_hsc_db,13.36807760098354,-1.6319223990164602,0.6961375758632862,0.08633093525179857,1.0
0,bw,15,15.0,False,snr_isoelectric_db,17.74205795357014,2.7420579535701393,0.6961375758632862,0.08633093525179857,1.0
0,bw,20,20.0,False,snr_beat_residual_db,10.689787125496741,-9.310212874503259,0.6116624757910801,0.07913669064748201,1.0
0,bw,20,20.0,False,snr_hsc_db,12.142807835225682,-7.857192164774318,0.6116624757910801,0.07913669064748201,1.0
0,bw,20,20.0,False,snr_isoelectric_db,17.796619695709637,-2.203380304290363,0.6116624757910801,0.07913669064748201,1.0
0,ma(emg),0,0.0,False,snr_beat_residual_db,-2.8620416693568567,-2.8620416693568567,0.12436861324687246,0.2805755395683453,0.0
0,ma(emg),0,0.0,False,snr_hsc_db,-3.6347081659513925,-3.6347081659513925,0.12436861324687246,0.2805755395683453,0.0
0,ma(emg),0,0.0,False,snr_isoelectric_db,13.375409417986896,13.375409417986896,0.12436861324687246,0.2805755395683453,0.0
0,ma(emg),5,5.0,False,snr_beat_residual_db,1.9243060700783277,-3.0756939299216723,0.21768278857439655,0.2446043165467626,1.0
0,ma(emg),5,5.0,False,snr_hsc_db,2.3509010960514107,-2.6490989039485893,0.21768278857439655,0.2446043165467626,1.0
0,ma(emg),5,5.0,False,snr_isoelectric_db,14.799316012119355,9.799316012119355,0.21768278857439655,0.2446043165467626,1.0
0,ma(emg),10,10.0,False,snr_beat_residual_db,5.751068539820476,-4.248931460179524,0.3281050352250884,0.18705035971223022,1.0
0,ma(emg),10,10.0,False,snr_hsc_db,5.99748826621238,-4.00251173378762,0.3281050352250884,0.18705035971223022,1.0
0,ma(emg),10,10.0,False,snr_isoelectric_db,16.33422796707169,6.334227967071691,0.3281050352250884,0.18705035971223022,1.0
0,ma(emg),15,15.0,False,snr_beat_residual_db,8.700355330583434,-6.2996446694165655,0.4852978185712275,0.07913669064748201,1.0
0,ma(emg),15,15.0,False,snr_hsc_db,9.282200146233153,-5.717799853766847,0.4852978185712275,0.07913669064748201,1.0
0,ma(emg),15,15.0,False,snr_isoelectric_db,16.810538982677002,1.8105389826770022,0.4852978185712275,0.07913669064748201,1.0
0,ma(emg),20,20.0,False,snr_beat_residual_db,10.084478822418115,-9.915521177581885,0.5485375877987575,0.06474820143884892,1.0
0,ma(emg),20,20.0,False,snr_hsc_db,10.79919245716785,-9.20080754283215,0.5485375877987575,0.06474820143884892,1.0
0,ma(emg),20,20.0,False,snr_isoelectric_db,17.1008972455236,-2.8991027544763988,0.5485375877987575,0.06474820143884892,1.0
0,em(motion),0,0.0,False,snr_beat_residual_db,3.5042604608566785,3.5042604608566785,0.5593878633997015,0.18571428571428572,1.0
0,em(motion),0,0.0,False,snr_hsc_db,8.124580271962145,8.124580271962145,0.5593878633997015,0.18571428571428572,1.0
0,em(motion),0,0.0,False,snr_isoelectric_db,20.294573859914568,20.294573859914568,0.5593878633997015,0.18571428571428572,1.0
0,em(motion),5,5.0,False,snr_beat_residual_db,8.52135662645336,3.5213566264533593,0.6826816716848291,0.1510791366906475,1.0
0,em(motion),5,5.0,False,snr_hsc_db,16.053102435172818,11.053102435172818,0.6826816716848291,0.1510791366906475,1.0
0,em(motion),5,5.0,False,snr_isoelectric_db,18.700473734935535,13.700473734935535,0.6826816716848291,0.1510791366906475,1.0
0,em(motion),10,10.0,False,snr_beat_residual_db,9.671472777298412,-0.3285272227015881,0.7076285959209019,0.1223021582733813,1.0
0,em(motion),10,10.0,False,snr_hsc_db,12.317274241879726,2.3172742418797263,0.7076285959209019,0.1223021582733813,1.0
0,em(motion),10,10.0,False,snr_isoelectric_db,18.449950402047232,8.449950402047232,0.7076285959209019,0.1223021582733813,1.0
0,em(motion),15,15.0,False,snr_beat_residual_db,10.47946819019971,-4.520531809800289,0.6812528573992359,0.07194244604316546,1.0
0,em(motion),15,15.0,False,snr_hsc_db,11.079797625245451,-3.920202374754549,0.6812528573992359,0.07194244604316546,1.0
0,em(motion),15,15.0,False,snr_isoelectric_db,17.930639674378977,2.930639674378977,0.6812528573992359,0.07194244604316546,1.0
0,em(motion),20,20.0,False,snr_beat_residual_db,10.648448776023237,-9.351551223976763,0.6505018526719277,0.07194244604316546,1.0
0,em(motion),20,20.0,False,snr_hsc_db,11.237398812907845,-8.762601187092155,0.6505018526719277,0.07194244604316546,1.0
0,em(motion),20,20.0,False,snr_isoelectric_db,17.715126417058634,-2.2848735829413656,0.6505018526719277,0.07194244604316546,1.0
0,impulse,0,0.0,False,snr_beat_residual_db,-3.4274401493571234,-3.4274401493571234,0.6464365628684327,0.288135593220339,1.0
0,impulse,0,0.0,False,snr_hsc_db,-5.966651746593987,-5.966651746593987,0.6464365628684327,0.288135593220339,1.0
0,impulse,0,0.0,False,snr_isoelectric_db,20.745918215166107,20.745918215166107,0.6464365628684327,0.288135593220339,1.0
0,impulse,5,5.0,False,snr_beat_residual_db,-0.1926232044297279,-5.192623204429728,0.4478974933755811,0.28,1.0
0,impulse,5,5.0,False,snr_hsc_db,1.2310956239081212,-3.7689043760918786,0.4478974933755811,0.28,1.0
0,impulse,5,5.0,False,snr_isoelectric_db,18.982976504490736,13.982976504490736,0.4478974933755811,0.28,1.0
0,impulse,10,10.0,False,snr_beat_residual_db,3.306509930417614,-6.693490069582386,0.46564790427374375,0.19444444444444445,1.0
0,impulse,10,10.0,False,snr_hsc_db,5.028108537375076,-4.971891462624924,0.46564790427374375,0.19444444444444445,1.0
0,impulse,10,10.0,False,snr_isoelectric_db,18.12065493135624,8.120654931356238,0.46564790427374375,0.19444444444444445,1.0
0,impulse,15,15.0,False,snr_beat_residual_db,7.380361093409299,-7.619638906590701,0.5293808296137145,0.14184397163120568,1.0
0,impulse,15,15.0,False,snr_hsc_db,10.568237375381715,-4.431762624618285,0.5293808296137145,0.14184397163120568,1.0
0,impulse,15,15.0,False,snr_isoelectric_db,17.710604354451085,2.7106043544510854,0.5293808296137145,0.14184397163120568,1.0
0,impulse,20,20.0,False,snr_beat_residual_db,10.093684046209182,-9.906315953790818,0.5814323364786126,0.09352517985611511,1.0
0,impulse,20,20.0,False,snr_hsc_db,10.403448744239633,-9.596551255760367,0.5814323364786126,0.09352517985611511,1.0
0,impulse,20,20.0,False,snr_isoelectric_db,17.515848537795684,-2.4841514622043164,0.5814323364786126,0.09352517985611511,1.0
0,mixed,0,0.0,False,snr_beat_residual_db,5.47570816523333,5.47570816523333,0.2748501956087456,0.02158273381294964,1.0
0,mixed,0,0.0,False,snr_hsc_db,13.760767105233027,13.760767105233027,0.2748501956087456,0.02158273381294964,1.0
0,mixed,0,0.0,False,snr_isoelectric_db,20.492237496982266,20.492237496982266,0.2748501956087456,0.02158273381294964,1.0
0,mixed,5,5.0,False,snr_beat_residual_db,0.2903695163045812,-4.709630483695419,0.3477903659358172,0.30625,1.0
0,mixed,5,5.0,False,snr_hsc_db,2.2781953026228776,-2.7218046973771224,0.3477903659358172,0.30625,1.0
0,mixed,5,5.0,False,snr_isoelectric_db,19.042967713249627,14.042967713249627,0.3477903659358172,0.30625,1.0
0,mixed,10,10.0,False,snr_beat_residual_db,6.165011965302469,-3.834988034697531,0.32744382440958997,0.15827338129496402,1.0
0,mixed,10,10.0,False,snr_hsc_db,5.858329909664595,-4.141670090335405,0.32744382440958997,0.15827338129496402,1.0
0,mixed,10,10.0,False,snr_isoelectric_db,16.279494142104134,6.279494142104134,0.32744382440958997,0.15827338129496402,1.0
0,mixed,15,15.0,False,snr_beat_residual_db,8.711709181929907,-6.288290818070093,0.41427880749862356,0.06474820143884892,1.0
0,mixed,15,15.0,False,snr_hsc_db,11.416619215559239,-3.5833807844407612,0.41427880749862356,0.06474820143884892,1.0
0,mixed,15,15.0,False,snr_isoelectric_db,13.049207896737213,-1.9507921032627866,0.41427880749862356,0.06474820143884892,1.0
0,mixed,20,20.0,False,snr_beat_residual_db,9.98397924846058,-10.01602075153942,0.5651719038919906,0.07913669064748201,1.0
0,mixed,20,20.0,False,snr_hsc_db,10.180455828329759,-9.819544171670241,0.5651719038919906,0.07913669064748201,1.0
0,mixed,20,20.0,False,snr_isoelectric_db,17.637672215205203,-2.3623277847947968,0.5651719038919906,0.07913669064748201,1.0
1,awgn,0,0.0,False,snr_beat_residual_db,-3.069326412929383,-3.069326412929383,0.09542439971684463,0.0,0.0
1,awgn,0,0.0,False,snr_hsc_db,-4.054552543917095,-4.054552543917095,0.09542439971684463,0.0,0.0
1,awgn,0,0.0,False,snr_isoelectric_db,0.09503624256459367,0.09503624256459367,0.09542439971684463,0.0,0.0
1,awgn,5,5.0,False,snr_beat_residual_db,1.133383028803101,-3.866616971196899,0.2066219887610328,0.08695652173913043,1.0
1,awgn,5,5.0,False,snr_hsc_db,5.178171542739804,0.17817154273980407,0.2066219887610328,0.08695652173913043,1.0
1,awgn,5,5.0,False,snr_isoelectric_db,5.21518476927486,0.21518476927485963,0.2066219887610328,0.08695652173913043,1.0
1,awgn,10,10.0,False,snr_beat_residual_db,3.0547211402044026,-6.9452788597955974,0.39517721288575636,0.13970588235294118,1.0
1,awgn,10,10.0,False,snr_hsc_db,6.025930062629559,-3.974069937370441,0.39517721288575636,0.13970588235294118,1.0
1,awgn,10,10.0,False,snr_isoelectric_db,9.73619240562755,-0.2638075943724498,0.39517721288575636,0.13970588235294118,1.0
1,awgn,15,15.0,False,snr_beat_residual_db,3.919877857470377,-11.080122142529623,0.5902010506151294,0.13333333333333333,1.0
1,awgn,15,15.0,False,snr_hsc_db,0.34035969945818983,-14.65964030054181,0.5902010506151294,0.13333333333333333,1.0
1,awgn,15,15.0,False,snr_isoelectric_db,14.140627877185159,-0.8593721228148414,0.5902010506151294,0.13333333333333333,1.0
1,awgn,20,20.0,False,snr_beat_residual_db,3.968041853331015,-16.031958146668984,0.6863777279946274,0.13970588235294118,1.0
1,awgn,20,20.0,False,snr_hsc_db,9.59489286060302,-10.40510713939698,0.6863777279946274,0.13970588235294118,1.0
1,awgn,20,20.0,False,snr_isoelectric_db,17.739774801338786,-2.260225198661214,0.6863777279946274,0.13970588235294118,1.0
1,pli,0,0.0,False,snr_beat_residual_db,5.8376037705008486,5.8376037705008486,0.34011903949570527,0.125,1.0
1,pli,0,0.0,False,snr_hsc_db,9.396531749491091,9.396531749491091,0.34011903949570527,0.125,1.0
1,pli,0,0.0,False,snr_isoelectric_db,-0.2525239517525651,-0.2525239517525651,0.34011903949570527,0.125,1.0
1,pli,5,5.0,False,snr_beat_residual_db,3.9441280685719122,-1.0558719314280878,0.34509670332943904,0.125,1.0
1,pli,5,5.0,False,snr_hsc_db,6.449554063210319,1.4495540632103188,0.34509670332943904,0.125,1.0
1,pli,5,5.0,False,snr_isoelectric_db,4.792419730134838,-0.20758026986516231,0.34509670332943904,0.125,1.0
1,pli,10,10.0,False,snr_beat_residual_db,3.154633116643577,-6.845366883356423,0.34792776326917485,0.1323529411764706,1.0
1,pli,10,10.0,False,snr_hsc_db,7.923574969245305,-2.076425030754695,0.34792776326917485,0.1323529411764706,1.0
1,pli,10,10.0,False,snr_isoelectric_db,9.578655422165879,-0.4213445778341214,0.34792776326917485,0.1323529411764706,1.0
1,pli,15,15.0,False,snr_beat_residual_db,3.7039882061713665,-11.296011793828633,0.5257685936499646,0.13970588235294118,1.0
1,pli,15,15.0,False,snr_hsc_db,9.959646929736577,-5.040353070263423,0.5257685936499646,0.13970588235294118,1.0
1,pli,15,15.0,False,snr_isoelectric_db,13.677306838608033,-1.3226931613919675,0.5257685936499646,0.13970588235294118,1.0
1,pli,20,20.0,False,snr_beat_residual_db,3.936658874448835,-16.063341125551165,0.6824033891732051,0.13970588235294118,1.0
1,pli,20,20.0,False,snr_hsc_db,9.758060270610553,-10.241939729389447,0.6824033891732051,0.13970588235294118,1.0
1,pli,20,20.0,False,snr_isoelectric_db,17.214937884102984,-2.7850621158970164,0.6824033891732051,0.13970588235294118,1.0
1,bw,0,0.0,False,snr_beat_residual_db,2.6960545586583704,2.6960545586583704,0.12899530730305486,0.051470588235294115,1.0
1,bw,0,0.0,False,snr_hsc_db,8.84555045402701,8.84555045402701,0.12899530730305486,0.051470588235294115,1.0
1,bw,0,0.0,False,snr_isoelectric_db,24.675302806603945,24.675302806603945,0.12899530730305486,0.051470588235294115,1.0
1,bw,5,5.0,False,snr_beat_residual_db,3.7174522485845474,-1.2825477514154526,0.3398151264942385,0.13970588235294118,1.0
1,bw,5,5.0,False,snr_hsc_db,13.845126215533039,8.845126215533039,0.3398151264942385,0.13970588235294118,1.0
1,bw,5,5.0,False,snr_isoelectric_db,22.76548685525039,17.76548685525039,0.3398151264942385,0.13970588235294118,1.0
1,bw,10,10.0,False,snr_beat_residual_db,4.0121810613856566,-5.9878189386143434,0.6363238195381947,0.13970588235294118,1.0
1,bw,10,10.0,False,snr_hsc_db,11.916839266870662,1.916839266870662,0.6363238195381947,0.13970588235294118,1.0
1,bw,10,10.0,False,snr_isoelectric_db,21.88430043998998,11.884300439989978,0.6363238195381947,0.13970588235294118,1.0
1,bw,15,15.0,False,snr_beat_residual_db,3.9562642684126255,-11.043735731587375,0.648493288929161,0.13970588235294118,1.0
1,bw,15,15.0,False,snr_hsc_db,8.937683613383967,-6.062316386616033,0.648493288929161,0.13970588235294118,1.0
1,bw,15,15.0,False,snr_isoelectric_db,21.799532237628895,6.799532237628895,0.648493288929161,0.13970588235294118,1.0
1,bw,20,20.0,False,snr_beat_residual_db,4.050477897131972,-15.949522102868027,0.7237729170565483,0.13970588235294118,1.0
1,bw,20,20.0,False,snr_hsc_db,10.884725777171342,-9.115274222828658,0.7237729170565483,0.13970588235294118,1.0
1,bw,20,20.0,False,snr_isoelectric_db,21.715218308292062,1.7152183082920622,0.7237729170565483,0.13970588235294118,1.0
1,ma(emg),0,0.0,False,snr_beat_residual_db,-1.7819611329894087,-1.7819611329894087,0.16172858835340526,0.0,1.0
1,ma(emg),0,0.0,False,snr_hsc_db,-3.5392659601216163,-3.5392659601216163,0.16172858835340526,0.0,1.0
1,ma(emg),0,0.0,False,snr_isoelectric_db,14.160155149548677,14.160155149548677,0.16172858835340526,0.0,1.0
1,ma(emg),5,5.0,False,snr_beat_residual_db,1.5056021448934045,-3.4943978551065955,0.2837998899549691,0.17037037037037037,1.0
1,ma(emg),5,5.0,False,snr_hsc_db,-1.0672943059075977,-6.067294305907597,0.2837998899549691,0.17037037037037037,1.0
1,ma(emg),5,5.0,False,snr_isoelectric_db,16.237385980844394,11.237385980844394,0.2837998899549691,0.17037037037037037,1.0
1,ma(emg),10,10.0,False,snr_beat_residual_db,3.02680548345696,-6.97319451654304,0.4634487081256182,0.14705882352941177,1.0
1,ma(emg),10,10.0,False,snr_hsc_db,7.228990952470335,-2.771009047529665,0.4634487081256182,0.14705882352941177,1.0
1,ma(emg),10,10.0,False,snr_isoelectric_db,16.436728046981838,6.4367280469818375,0.4634487081256182,0.14705882352941177,1.0
1,ma(emg),15,15.0,False,snr_beat_residual_db,3.663481874743628,-11.336518125256372,0.5846725087227734,0.16176470588235295,1.0
1,ma(emg),15,15.0,False,snr_hsc_db,8.649736611273688,-6.350263388726312,0.5846725087227734,0.16176470588235295,1.0
1,ma(emg),15,15.0,False,snr_isoelectric_db,17.588866151066966,2.5888661510669664,0.5846725087227734,0.16176470588235295,1.0
1,ma(emg),20,20.0,False,snr_beat_residual_db,3.9355862075680816,-16.064413792431917,0.6770339487495964,0.14705882352941177,1.0
1,ma(emg),20,20.0,False,snr_hsc_db,9.206433120116985,-10.793566879883015,0.6770339487495964,0.14705882352941177,1.0
1,ma(emg),20,20.0,False,snr_isoelectric_db,19.571571262363083,-0.42842873763691713,0.6770339487495964,0.14705882352941177,1.0
1,em(motion),0,0.0,False,snr_beat_residual_db,2.458499831783006,2.458499831783006,0.7162692523221998,0.2222222222222222,1.0
1,em(motion),0,0.0,False,snr_hsc_db,-2.0837016549455996,-2.0837016549455996,0.7162692523221998,0.2222222222222222,1.0
1,em(motion),0,0.0,False,snr_isoelectric_db,24.062431481209106,24.062431481209106,0.7162692523221998,0.2222222222222222,1.0
1,em(motion),5,5.0,False,snr_beat_residual_db,3.995015594706036,-1.004984405293964,0.6998843081055648,0.18518518518518517,1.0
1,em(motion),5,5.0,False,snr_hsc_db,-0.589110972079135,-5.589110972079135,0.6998843081055648,0.18518518518518517,1.0
1,em(motion),5,5.0,False,snr_isoelectric_db,22.856984522022145,17.856984522022145,0.6998843081055648,0.18518518518518517,1.0
1,em(motion),10,10.0,False,snr_beat_residual_db,3.5292276640540603,-6.47077233594594,0.7050027763214279,0.16176470588235295,1.0
1,em(motion),10,10.0,False,snr_hsc_db,10.036198689453562,0.03619868945356153,0.7050027763214279,0.16176470588235295,1.0
1,em(motion),10,10.0,False,snr_isoelectric_db,22.063767769640034,12.063767769640034,0.7050027763214279,0.16176470588235295,1.0
1,em(motion),15,15.0,False,snr_beat_residual_db,4.043286441563577,-10.956713558436423,0.7228531851367814,0.13970588235294118,1.0
1,em(motion),15,15.0,False,snr_hsc_db,10.859472952651526,-4.140527047348474,0.7228531851367814,0.13970588235294118,1.0
1,em(motion),15,15.0,False,snr_isoelectric_db,21.661596327575836,6.661596327575836,0.7228531851367814,0.13970588235294118,1.0
1,em(motion),20,20.0,False,snr_beat_residual_db,4.057869793023746,-15.942130206976254,0.7585006389664835,0.13970588235294118,1.0
1,em(motion),20,20.0,False,snr_hsc_db,9.526055007383537,-10.473944992616463,0.7585006389664835,0.13970588235294118,1.0
1,em(motion),20,20.0,False,snr_isoelectric_db,21.57100004186105,1.5710000418610512,0.7585006389664835,0.13970588235294118,1.0
1,impulse,0,0.0,False,snr_beat_residual_db,-3.8464974482594982,-3.8464974482594982,0.3059358252608997,0.35443037974683544,1.0
1,impulse,0,0.0,False,snr_hsc_db,-3.9166180758855855,-3.9166180758855855,0.3059358252608997,0.35443037974683544,1.0
1,impulse,0,0.0,False,snr_isoelectric_db,22.81954452862733,22.81954452862733,0.3059358252608997,0.35443037974683544,1.0
1,impulse,5,5.0,False,snr_beat_residual_db,-0.17332245590799772,-5.173322455907997,0.34115802764229375,0.31543624161073824,1.0
1,impulse,5,5.0,False,snr_hsc_db,-1.9639896553752876,-6.963989655375288,0.34115802764229375,0.31543624161073824,1.0
1,impulse,5,5.0,False,snr_isoelectric_db,21.31056024418603,16.31056024418603,0.34115802764229375,0.31543624161073824,1.0
1,impulse,10,10.0,False,snr_beat_residual_db,2.262573757311964,-7.737426242688036,0.5074438973097078,0.22302158273381295,1.0
1,impulse,10,10.0,False,snr_hsc_db,5.11806264503115,-4.88193735496885,0.5074438973097078,0.22302158273381295,1.0
1,impulse,10,10.0,False,snr_isoelectric_db,21.392050526320922,11.392050526320922,0.5074438973097078,0.22302158273381295,1.0
1,impulse,15,15.0,False,snr_beat_residual_db,3.3081913903313778,-11.691808609668623,0.5765434808596203,0.21014492753623187,1.0
1,impulse,15,15.0,False,snr_hsc_db,4.176362017408789,-10.823637982591212,0.5765434808596203,0.21014492753623187,1.0
1,impulse,15,15.0,False,snr_isoelectric_db,20.166759366042232,5.166759366042232,0.5765434808596203,0.21014492753623187,1.0
1,impulse,20,20.0,False,snr_beat_residual_db,3.8825800142273814,-16.117419985772617,0.6538154835686554,0.16058394160583941,1.0
1,impulse,20,20.0,False,snr_hsc_db,14.428917122069414,-5.571082877930586,0.6538154835686554,0.16058394160583941,1.0
1,impulse,20,20.0,False,snr_isoelectric_db,20.192901130344026,0.19290113034402623,0.6538154835686554,0.16058394160583941,1.0
1,mixed,0,0.0,False,snr_beat_residual_db,-0.7030408379915019,-0.7030408379915019,0.22521143819476486,0.11643835616438356,1.0
1,mixed,0,0.0,False,snr_hsc_db,0.955640209186722,0.955640209186722,0.22521143819476486,0.11643835616438356,1.0
1,mixed,0,0.0,False,snr_isoelectric_db,11.45632665534098,11.45632665534098,0.22521143819476486,0.11643835616438356,1.0
1,mixed,5,5.0,False,snr_beat_residual_db,3.1937866521335905,-1.8062133478664095,0.313878341826995,0.051470588235294115,1.0
1,mixed,5,5.0,False,snr_hsc_db,11.782920663727696,6.782920663727696,0.313878341826995,0.051470588235294115,1.0
1,mixed,5,5.0,False,snr_isoelectric_db,6.575609244658255,1.5756092446582546,0.313878341826995,0.051470588235294115,1.0
1,mixed,10,10.0,False,snr_beat_residual_db,2.409462359077117,-7.590537640922883,0.5417698965430746,0.19424460431654678,1.0
1,mixed,10,10.0,False,snr_hsc_db,1.1096297082270892,-8.89037029177291,0.5417698965430746,0.19424460431654678,1.0
1,mixed,10,10.0,False,snr_isoelectric_db,20.83663180372639,10.836631803726391,0.5417698965430746,0.19424460431654678,1.0
1,mixed,15,15.0,False,snr_beat_residual_db,3.522789826657171,-11.47721017334283,0.6097273052779925,0.16666666666666666,1.0
1,mixed,15,15.0,False,snr_hsc_db,10.318774698306722,-4.681225301693278,0.6097273052779925,0.16666666666666666,1.0
1,mixed,15,15.0,False,snr_isoelectric_db,16.490522622022116,1.490522622022116,0.6097273052779925,0.16666666666666666,1.0
1,mixed,20,20.0,False,snr_beat_residual_db,4.2408662597760935,-15.759133740223906,0.69310251143897,0.13333333333333333,1.0
1,mixed,20,20.0,False,snr_hsc_db,-0.16045852020651352,-20.160458520206515,0.69310251143897,0.13333333333333333,1.0
1,mixed,20,20.0,False,snr_isoelectric_db,17.733640851691646,-2.2663591483083536,0.69310251143897,0.13333333333333333,1.0
2,awgn,0,0.0,False,snr_beat_residual_db,-12.725946440055235,-12.725946440055235,0.013743209700485768,0.0,0.0
2,awgn,0,0.0,False,snr_hsc_db,-12.075981819043061,-12.075981819043061,0.013743209700485768,0.0,0.0
2,awgn,0,0.0,False,snr_isoelectric_db,1.166233861277077,1.166233861277077,0.013743209700485768,0.0,0.0
2,awgn,5,5.0,False,snr_beat_residual_db,-6.33120037409737,-11.33120037409737,-0.16042566197321842,0.0,0.0
2,awgn,5,5.0,False,snr_hsc_db,-10.50652337995028,-15.50652337995028,-0.16042566197321842,0.0,0.0
2,awgn,5,5.0,False,snr_isoelectric_db,4.812200824458203,-0.18779917554179715,-0.16042566197321842,0.0,0.0
2,awgn,10,10.0,False,snr_beat_residual_db,-3.821214322570148,-13.821214322570148,-0.48870103521301983,0.41139240506329117,1.0
2,awgn,10,10.0,False,snr_hsc_db,-8.976203820737286,-18.976203820737286,-0.48870103521301983,0.41139240506329117,1.0
2,awgn,10,10.0,False,snr_isoelectric_db,7.492915346662665,-2.507084653337335,-0.48870103521301983,0.41139240506329117,1.0
2,awgn,15,15.0,False,snr_beat_residual_db,-3.6410612995144183,-18.64106129951442,-0.5164383885696973,0.43352601156069365,1.0
2,awgn,15,15.0,False,snr_hsc_db,0.6216447495094622,-14.378355250490538,-0.5164383885696973,0.43352601156069365,1.0
2,awgn,15,15.0,False,snr_isoelectric_db,9.520333517649863,-5.479666482350137,-0.5164383885696973,0.43352601156069365,1.0
2,awgn,20,20.0,False,snr_beat_residual_db,-2.2132024917426265,-22.213202491742628,0.17471780875350057,0.3509933774834437,1.0
2,awgn,20,20.0,False,snr_hsc_db,3.852744752705873,-16.147255247294126,0.17471780875350057,0.3509933774834437,1.0
2,awgn,20,20.0,False,snr_isoelectric_db,8.30632159573825,-11.69367840426175,0.17471780875350057,0.3509933774834437,1.0
2,pli,0,0.0,False,snr_beat_residual_db,3.3004037269739928,3.3004037269739928,0.4958793176773411,0.2608695652173913,1.0
2,pli,0,0.0,False,snr_hsc_db,6.208963787765271,6.208963787765271,0.4958793176773411,0.2608695652173913,1.0
2,pli,0,0.0,False,snr_isoelectric_db,-1.0591165971963747,-1.0591165971963747,0.4958793176773411,0.2608695652173913,1.0
2,pli,5,5.0,False,snr_beat_residual_db,0.80125442876041,-4.19874557123959,0.5531678403268079,0.26811594202898553,1.0
2,pli,5,5.0,False,snr_hsc_db,3.7989154996240924,-1.2010845003759076,0.5531678403268079,0.26811594202898553,1.0
2,pli,5,5.0,False,snr_isoelectric_db,2.751830021827514,-2.248169978172486,0.5531678403268079,0.26811594202898553,1.0
2,pli,10,10.0,False,snr_beat_residual_db,-0.42713070917662366,-10.427130709176623,0.574184165221308,0.2608695652173913,1.0
2,pli,10,10.0,False,snr_hsc_db,3.5232909081196286,-6.476709091880371,0.574184165221308,0.2608695652173913,1.0
2,pli,10,10.0,False,snr_isoelectric_db,5.27200454364224,-4.72799545635776,0.574184165221308,0.2608695652173913,1.0
2,pli,15,15.0,False,snr_beat_residual_db,-0.7944471708238459,-15.794447170823846,0.578024517600239,0.26811594202898553,1.0
2,pli,15,15.0,False,snr_hsc_db,3.0015201600277273,-11.998479839972273,0.578024517600239,0.26811594202898553,1.0
2,pli,15,15.0,False,snr_isoelectric_db,6.879805564982276,-8.120194435017723,0.578024517600239,0.26811594202898553,1.0
2,pli,20,20.0,False,snr_beat_residual_db,-0.6195379449652274,-20.619537944965227,0.5950544962914575,0.2826086956521739,1.0
2,pli,20,20.0,False,snr_hsc_db,3.8028435298270367,-16.197156470172963,0.5950544962914575,0.2826086956521739,1.0
2,pli,20,20.0,False,snr_isoelectric_db,7.249642284569072,-12.750357715430928,0.5950544962914575,0.2826086956521739,1.0
2,bw,0,0.0,False,snr_beat_residual_db,-1.041432628120715,-1.041432628120715,0.12935857256743413,0.2463768115942029,1.0
2,bw,0,0.0,False,snr_hsc_db,2.9185591104380046,2.9185591104380046,0.12935857256743413,0.2463768115942029,1.0
2,bw,0,0.0,False,snr_isoelectric_db,10.746522580219612,10.746522580219612,0.12935857256743413,0.2463768115942029,1.0
2,bw,5,5.0,False,snr_beat_residual_db,-0.7870685845261614,-5.787068584526161,0.04337158091611585,0.2463768115942029,1.0
2,bw,5,5.0,False,snr_hsc_db,3.7608893311710907,-1.2391106688289093,0.04337158091611585,0.2463768115942029,1.0
2,bw,5,5.0,False,snr_isoelectric_db,9.101195814820917,4.101195814820917,0.04337158091611585,0.2463768115942029,1.0
2,bw,10,10.0,False,snr_beat_residual_db,-0.6259099253721836,-10.625909925372184,0.3959937133618605,0.2753623188405797,1.0
2,bw,10,10.0,False,snr_hsc_db,3.8422333858995943,-6.157766614100406,0.3959937133618605,0.2753623188405797,1.0
2,bw,10,10.0,False,snr_isoelectric_db,7.872822351161345,-2.1271776488386553,0.3959937133618605,0.2753623188405797,1.0
2,bw,15,15.0,False,snr_beat_residual_db,-0.5621368211271315,-15.562136821127131,0.47489109522946016,0.2898550724637681,1.0
2,bw,15,15.0,False,snr_hsc_db,3.984975459579072,-11.015024540420928,0.47489109522946016,0.2898550724637681,1.0
2,bw,15,15.0,False,snr_isoelectric_db,7.61304573009506,-7.38695426990494,0.47489109522946016,0.2898550724637681,1.0
2,bw,20,20.0,False,snr_beat_residual_db,-0.5447302891085084,-20.544730289108507,0.613778816424953,0.2826086956521739,1.0
2,bw,20,20.0,False,snr_hsc_db,4.091608931760055,-15.908391068239945,0.613778816424953,0.2826086956521739,1.0
2,bw,20,20.0,False,snr_isoelectric_db,7.564648830604756,-12.435351169395243,0.613778816424953,0.2826086956521739,1.0
2,ma(emg),0,0.0,False,snr_beat_residual_db,-5.538171337750345,-5.538171337750345,0.17062793903709392,0.10144927536231885,1.0
2,ma(emg),0,0.0,False,snr_hsc_db,-5.0978171986367045,-5.0978171986367045,0.17062793903709392,0.10144927536231885,1.0
2,ma(emg),0,0.0,False,snr_isoelectric_db,8.099745094735889,8.099745094735889,0.17062793903709392,0.10144927536231885,1.0
2,ma(emg),5,5.0,False,snr_beat_residual_db,-2.7970972427483325,-7.7970972427483325,0.3383806503271439,0.25547445255474455,1.0
2,ma(emg),5,5.0,False,snr_hsc_db,0.23712184240104228,-4.762878157598958,0.3383806503271439,0.25547445255474455,1.0
2,ma(emg),5,5.0,False,snr_isoelectric_db,7.479854724488277,2.479854724488277,0.3383806503271439,0.25547445255474455,1.0
2,ma(emg),10,10.0,False,snr_beat_residual_db,-3.4285530943596076,-13.428553094359607,-0.15986690308293733,0.3782051282051282,1.0
2,ma(emg),10,10.0,False,snr_hsc_db,1.0428874063813214,-8.957112593618678,-0.15986690308293733,0.3782051282051282,1.0
2,ma(emg),10,10.0,False,snr_isoelectric_db,7.7784166306943705,-2.2215833693056295,-0.15986690308293733,0.3782051282051282,1.0
2,ma(emg),15,15.0,False,snr_beat_residual_db,-0.8899964090003748,-15.889996409000375,0.5974836993650996,0.2589928057553957,1.0
2,ma(emg),15,15.0,False,snr_hsc_db,5.478914855821893,-9.521085144178107,0.5974836993650996,0.2589928057553957,1.0
2,ma(emg),15,15.0,False,snr_isoelectric_db,7.243064995418955,-7.756935004581045,0.5974836993650996,0.2589928057553957,1.0
2,ma(emg),20,20.0,False,snr_beat_residual_db,-0.6200852906340205,-20.62008529063402,0.609046165449358,0.26811594202898553,1.0
2,ma(emg),20,20.0,False,snr_hsc_db,3.8134817862911508,-16.18651821370885,0.609046165449358,0.26811594202898553,1.0
2,ma(emg),20,20.0,False,snr_isoelectric_db,7.563188581888696,-12.436811418111304,0.609046165449358,0.26811594202898553,1.0
2,em(motion),0,0.0,False,snr_beat_residual_db,-4.384887693900656,-4.384887693900656,-0.4417464562411004,0.0,0.0
2,em(motion),0,0.0,False,snr_hsc_db,-17.07121520256087,-17.07121520256087,-0.4417464562411004,0.0,0.0
2,em(motion),0,0.0,False,snr_isoelectric_db,18.63753922397355,18.63753922397355,-0.4417464562411004,0.0,0.0
2,em(motion),5,5.0,False,snr_beat_residual_db,-1.3338325985339694,-6.333832598533969,0.36447963274177475,0.30985915492957744,1.0
2,em(motion),5,5.0,False,snr_hsc_db,1.8305338318498412,-3.1694661681501586,0.36447963274177475,0.30985915492957744,1.0
2,em(motion),5,5.0,False,snr_isoelectric_db,9.487578695271239,4.487578695271239,0.36447963274177475,0.30985915492957744,1.0
2,em(motion),10,10.0,False,snr_beat_residual_db,-0.7114988708929022,-10.711498870892902,0.6169600441498309,0.2826086956521739,1.0
2,em(motion),10,10.0,False,snr_hsc_db,4.418593736592796,-5.581406263407204,0.6169600441498309,0.2826086956521739,1.0
2,em(motion),10,10.0,False,snr_isoelectric_db,8.099125852294579,-1.9008741477054212,0.6169600441498309,0.2826086956521739,1.0
2,em(motion),15,15.0,False,snr_beat_residual_db,-0.5343035941878358,-15.534303594187836,0.5926392402220841,0.2753623188405797,1.0
2,em(motion),15,15.0,False,snr_hsc_db,4.234414086421639,-10.765585913578361,0.5926392402220841,0.2753623188405797,1.0
2,em(motion),15,15.0,False,snr_isoelectric_db,7.459230991065093,-7.540769008934907,0.5926392402220841,0.2753623188405797,1.0
2,em(motion),20,20.0,False,snr_beat_residual_db,-0.5282751887964741,-20.528275188796474,0.6191143547032691,0.2826086956521739,1.0
2,em(motion),20,20.0,False,snr_hsc_db,3.828390266900812,-16.17160973309919,0.6191143547032691,0.2826086956521739,1.0
2,em(motion),20,20.0,False,snr_isoelectric_db,7.619312380899029,-12.380687619100971,0.6191143547032691,0.2826086956521739,1.0
2,impulse,0,0.0,False,snr_beat_residual_db,-5.254119434967488,-5.254119434967488,0.31965797204039365,0.35074626865671643,1.0
2,impulse,0,0.0,False,snr_hsc_db,-2.4228661764694333,-2.4228661764694333,0.31965797204039365,0.35074626865671643,1.0
2,impulse,0,0.0,False,snr_isoelectric_db,10.740279920775551,10.740279920775551,0.31965797204039365,0.35074626865671643,1.0
2,impulse,5,5.0,False,snr_beat_residual_db,-3.458580138117362,-8.458580138117362,0.16531920672945682,0.3591549295774648,1.0
2,impulse,5,5.0,False,snr_hsc_db,-3.6437531193206736,-8.643753119320674,0.16531920672945682,0.3591549295774648,1.0
2,impulse,5,5.0,False,snr_isoelectric_db,8.988719139019208,3.9887191390192083,0.16531920672945682,0.3591549295774648,1.0
2,impulse,10,10.0,False,snr_beat_residual_db,-1.4732144393632485,-11.473214439363248,0.47264839060699076,0.30714285714285716,1.0
2,impulse,10,10.0,False,snr_hsc_db,-4.786132262083004,-14.786132262083004,0.47264839060699076,0.30714285714285716,1.0
2,impulse,10,10.0,False,snr_isoelectric_db,7.8234736503542734,-2.1765263496457266,0.47264839060699076,0.30714285714285716,1.0
2,impulse,15,15.0,False,snr_beat_residual_db,-2.2477424556667427,-17.247742455666742,0.18003764965069788,0.348993288590604,1.0
2,impulse,15,15.0,False,snr_hsc_db,0.14659344297828922,-14.85340655702171,0.18003764965069788,0.348993288590604,1.0
2,impulse,15,15.0,False,snr_isoelectric_db,8.327325069842766,-6.672674930157234,0.18003764965069788,0.348993288590604,1.0
2,impulse,20,20.0,False,snr_beat_residual_db,-0.774444269270005,-20.774444269270006,0.5962862148577107,0.2785714285714286,1.0
2,impulse,20,20.0,False,snr_hsc_db,0.641075104685464,-19.358924895314537,0.5962862148577107,0.2785714285714286,1.0
2,impulse,20,20.0,False,snr_isoelectric_db,7.438869411948479,-12.56113058805152,0.5962862148577107,0.2785714285714286,1.0
2,mixed,0,0.0,False,snr_beat_residual_db,-5.978158261588947,-5.978158261588947,0.11405726116094123,0.21495327102803738,0.0
2,mixed,0,0.0,False,snr_hsc_db,-6.846746487498487,-6.846746487498487,0.11405726116094123,0.21495327102803738,0.0
2,mixed,0,0.0,False,snr_isoelectric_db,11.188770988942485,11.188770988942485,0.11405726116094123,0.21495327102803738,0.0
2,mixed,5,5.0,False,snr_beat_residual_db,-0.955919757845818,-5.955919757845818,0.5730617946917751,0.2949640287769784,1.0
2,mixed,5,5.0,False,snr_hsc_db,3.2287937030178657,-1.7712062969821343,0.5730617946917751,0.2949640287769784,1.0
2,mixed,5,5.0,False,snr_isoelectric_db,8.659457882789786,3.659457882789786,0.5730617946917751,0.2949640287769784,1.0
2,mixed,10,10.0,False,snr_beat_residual_db,-4.06062606564205,-14.060626065642051,-0.4474164376028178,0.07441860465116279,0.0
2,mixed,10,10.0,False,snr_hsc_db,-4.418078647689877,-14.418078647689878,-0.4474164376028178,0.07441860465116279,0.0
2,mixed,10,10.0,False,snr_isoelectric_db,15.52442093027399,5.52442093027399,-0.4474164376028178,0.07441860465116279,0.0
2,mixed,15,15.0,False,snr_beat_residual_db,-0.7426737070742001,-15.7426737070742,0.5695264593338666,0.2733812949640288,1.0
2,mixed,15,15.0,False,snr_hsc_db,4.29286578343492,-10.70713421656508,0.5695264593338666,0.2733812949640288,1.0
2,mixed,15,15.0,False,snr_isoelectric_db,7.739312032929413,-7.260687967070587,0.5695264593338666,0.2733812949640288,1.0
2,mixed,20,20.0,False,snr_beat_residual_db,-0.960054384707959,-20.96005438470796,0.6074965359388398,0.28368794326241137,1.0
2,mixed,20,20.0,False,snr_hsc_db,5.165318716556488,-14.834681283443512,0.6074965359388398,0.28368794326241137,1.0
2,mixed,20,20.0,False,snr_isoelectric_db,7.639123141525984,-12.360876858474015,0.6074965359388398,0.28368794326241137,1.0
3,awgn,0,0.0,False,snr_beat_residual_db,-4.430295413760609,-4.430295413760609,0.029099488604726824,0.07,0.0
3,awgn,0,0.0,False,snr_hsc_db,-3.683148716210571,-3.683148716210571,0.029099488604726824,0.07,0.0
3,awgn,0,0.0,False,snr_isoelectric_db,0.5798924626111294,0.5798924626111294,0.029099488604726824,0.07,0.0
3,awgn,5,5.0,False,snr_beat_residual_db,3.064428466703223,-1.935571533296777,0.07403739541149901,0.1404494382022472,1.0
3,awgn,5,5.0,False,snr_hsc_db,4.387037955440451,-0.6129620445595494,0.07403739541149901,0.1404494382022472,1.0
3,awgn,5,5.0,False,snr_isoelectric_db,5.173675815415643,0.1736758154156428,0.07403739541149901,0.1404494382022472,1.0
3,awgn,10,10.0,False,snr_beat_residual_db,7.22776294557012,-2.7722370544298798,0.18312747401056423,0.12994350282485875,1.0
3,awgn,10,10.0,False,snr_hsc_db,8.725435692276655,-1.2745643077233453,0.18312747401056423,0.12994350282485875,1.0
3,awgn,10,10.0,False,snr_isoelectric_db,9.577007379221229,-0.4229926207787713,0.18312747401056423,0.12994350282485875,1.0
3,awgn,15,15.0,False,snr_beat_residual_db,10.051542240562778,-4.948457759437222,0.3388474170732148,0.13636363636363635,1.0
3,awgn,15,15.0,False,snr_hsc_db,12.187730582460096,-2.8122694175399037,0.3388474170732148,0.13636363636363635,1.0
3,awgn,15,15.0,False,snr_isoelectric_db,13.269100880196303,-1.7308991198036967,0.3388474170732148,0.13636363636363635,1.0
3,awgn,20,20.0,False,snr_beat_residual_db,10.938516779206264,-9.061483220793736,0.5385326393353885,0.18181818181818182,1.0
3,awgn,20,20.0,False,snr_hsc_db,14.903772392851364,-5.096227607148636,0.5385326393353885,0.18181818181818182,1.0
3,awgn,20,20.0,False,snr_isoelectric_db,15.6275879338686,-4.3724120661314,0.5385326393353885,0.18181818181818182,1.0
3,pli,0,0.0,False,snr_beat_residual_db,11.700076869434497,11.700076869434497,0.29182947905683815,0.045454545454545456,1.0
3,pli,0,0.0,False,snr_hsc_db,10.151183158480887,10.151183158480887,0.29182947905683815,0.045454545454545456,1.0
3,pli,0,0.0,False,snr_isoelectric_db,-0.14214147877979427,-0.14214147877979427,0.29182947905683815,0.045454545454545456,1.0
3,pli,5,5.0,False,snr_beat_residual_db,10.488531602184192,5.488531602184192,0.5213758276631847,0.03977272727272727,1.0
3,pli,5,5.0,False,snr_hsc_db,16.703431367931746,11.703431367931746,0.5213758276631847,0.03977272727272727,1.0
3,pli,5,5.0,False,snr_isoelectric_db,4.854130824407139,-0.1458691755928614,0.5213758276631847,0.03977272727272727,1.0
3,pli,10,10.0,False,snr_beat_residual_db,10.175607138866877,0.1756071388668765,0.5391000839762933,0.05113636363636364,1.0
3,pli,10,10.0,False,snr_hsc_db,11.442730804132587,1.4427308041325873,0.5391000839762933,0.05113636363636364,1.0
3,pli,10,10.0,False,snr_isoelectric_db,9.444482404546902,-0.5555175954530984,0.5391000839762933,0.05113636363636364,1.0
3,pli,15,15.0,False,snr_beat_residual_db,10.08507819139595,-4.914921808604049,0.47397938996638095,0.05113636363636364,1.0
3,pli,15,15.0,False,snr_hsc_db,12.662120799231717,-2.337879200768283,0.47397938996638095,0.05113636363636364,1.0
3,pli,15,15.0,False,snr_isoelectric_db,12.852182963164907,-2.147817036835093,0.47397938996638095,0.05113636363636364,1.0
3,pli,20,20.0,False,snr_beat_residual_db,11.07121846198935,-8.92878153801065,0.5884675154352567,0.14772727272727273,1.0
3,pli,20,20.0,False,snr_hsc_db,14.571370999636866,-5.428629000363134,0.5884675154352567,0.14772727272727273,1.0
3,pli,20,20.0,False,snr_isoelectric_db,15.574300924968306,-4.4256990750316945,0.5884675154352567,0.14772727272727273,1.0
3,bw,0,0.0,False,snr_beat_residual_db,8.941434643777818,8.941434643777818,0.760735224994348,0.06818181818181818,1.0
3,bw,0,0.0,False,snr_hsc_db,14.906279648063796,14.906279648063796,0.760735224994348,0.06818181818181818,1.0
3,bw,0,0.0,False,snr_isoelectric_db,20.864477368386925,20.864477368386925,0.760735224994348,0.06818181818181818,1.0
3,bw,5,5.0,False,snr_beat_residual_db,9.888640386747758,4.888640386747758,0.3698630326776564,0.045454545454545456,1.0
3,bw,5,5.0,False,snr_hsc_db,15.34596668716377,10.34596668716377,0.3698630326776564,0.045454545454545456,1.0
3,bw,5,5.0,False,snr_isoelectric_db,18.80999419209472,13.80999419209472,0.3698630326776564,0.045454545454545456,1.0
3,bw,10,10.0,False,snr_beat_residual_db,10.996915511580648,0.9969155115806476,0.48326769705007383,0.09659090909090909,1.0
3,bw,10,10.0,False,snr_hsc_db,16.100658538985325,6.100658538985325,0.48326769705007383,0.09659090909090909,1.0
3,bw,10,10.0,False,snr_isoelectric_db,18.04746333718416,8.047463337184158,0.48326769705007383,0.09659090909090909,1.0
3,bw,15,15.0,False,snr_beat_residual_db,11.619111002043542,-3.3808889979564576,0.7144154400253195,0.1590909090909091,1.0
3,bw,15,15.0,False,snr_hsc_db,15.973407076415242,0.973407076415242,0.7144154400253195,0.1590909090909091,1.0
3,bw,15,15.0,False,snr_isoelectric_db,17.83582601763151,2.8358260176315113,0.7144154400253195,0.1590909090909091,1.0
3,bw,20,20.0,False,snr_beat_residual_db,11.600087061790036,-8.399912938209964,0.6788366550939838,0.16477272727272727,1.0
3,bw,20,20.0,False,snr_hsc_db,16.15833553009346,-3.84166446990654,0.6788366550939838,0.16477272727272727,1.0
3,bw,20,20.0,False,snr_isoelectric_db,17.72539701365492,-2.27460298634508,0.6788366550939838,0.16477272727272727,1.0
3,ma(emg),0,0.0,False,snr_beat_residual_db,-0.6221494997295253,-0.6221494997295253,0.11932618168144261,0.2897727272727273,0.0
3,ma(emg),0,0.0,False,snr_hsc_db,-1.415846088424587,-1.415846088424587,0.11932618168144261,0.2897727272727273,0.0
3,ma(emg),0,0.0,False,snr_isoelectric_db,13.17546875825374,13.17546875825374,0.11932618168144261,0.2897727272727273,0.0
3,ma(emg),5,5.0,False,snr_beat_residual_db,3.9129687964832023,-1.0870312035167977,0.26004793664998527,0.29545454545454547,1.0
3,ma(emg),5,5.0,False,snr_hsc_db,4.654882797491312,-0.34511720250868816,0.26004793664998527,0.29545454545454547,1.0
3,ma(emg),5,5.0,False,snr_isoelectric_db,15.043832072845422,10.043832072845422,0.26004793664998527,0.29545454545454547,1.0
3,ma(emg),10,10.0,False,snr_beat_residual_db,7.750140904856151,-2.249859095143849,0.3442364311752453,0.10227272727272728,1.0
3,ma(emg),10,10.0,False,snr_hsc_db,8.774459698091166,-1.2255403019088345,0.3442364311752453,0.10227272727272728,1.0
3,ma(emg),10,10.0,False,snr_isoelectric_db,16.46599383179509,6.465993831795089,0.3442364311752453,0.10227272727272728,1.0
3,ma(emg),15,15.0,False,snr_beat_residual_db,10.1171800026525,-4.8828199973475,0.5118559302172455,0.1590909090909091,1.0
3,ma(emg),15,15.0,False,snr_hsc_db,11.499413304635738,-3.5005866953642624,0.5118559302172455,0.1590909090909091,1.0
3,ma(emg),15,15.0,False,snr_isoelectric_db,16.78353850777405,1.7835385077740504,0.5118559302172455,0.1590909090909091,1.0
3,ma(emg),20,20.0,False,snr_beat_residual_db,11.29786879819968,-8.70213120180032,0.6308985861380633,0.10795454545454546,1.0
3,ma(emg),20,20.0,False,snr_hsc_db,13.230115081439525,-6.769884918560475,0.6308985861380633,0.10795454545454546,1.0
3,ma(emg),20,20.0,False,snr_isoelectric_db,17.12465926352626,-2.8753407364737384,0.6308985861380633,0.10795454545454546,1.0
3,em(motion),0,0.0,False,snr_beat_residual_db,4.5750368618225385,4.5750368618225385,0.747475612124852,0.23163841807909605,1.0
3,em(motion),0,0.0,False,snr_hsc_db,2.395657809788476,2.395657809788476,0.747475612124852,0.23163841807909605,1.0
3,em(motion),0,0.0,False,snr_isoelectric_db,20.45519135297056,20.45519135297056,0.747475612124852,0.23163841807909605,1.0
3,em(motion),5,5.0,False,snr_beat_residual_db,8.02816967662493,3.0281696766249304,0.7481866179479985,0.1807909604519774,1.0
3,em(motion),5,5.0,False,snr_hsc_db,9.707040417260028,4.707040417260028,0.7481866179479985,0.1807909604519774,1.0
3,em(motion),5,5.0,False,snr_isoelectric_db,18.62031992810888,13.62031992810888,0.7481866179479985,0.1807909604519774,1.0
3,em(motion),10,10.0,False,snr_beat_residual_db,10.513545055622327,0.5135450556223269,0.740823656385776,0.17045454545454544,1.0
3,em(motion),10,10.0,False,snr_hsc_db,12.171193984129719,2.1711939841297188,0.740823656385776,0.17045454545454544,1.0
3,em(motion),10,10.0,False,snr_isoelectric_db,18.01975641668268,8.019756416682679,0.740823656385776,0.17045454545454544,1.0
3,em(motion),15,15.0,False,snr_beat_residual_db,11.423582429647713,-3.5764175703522874,0.7119864455307651,0.1534090909090909,1.0
3,em(motion),15,15.0,False,snr_hsc_db,14.953921841973948,-0.04607815802605231,0.7119864455307651,0.1534090909090909,1.0
3,em(motion),15,15.0,False,snr_isoelectric_db,17.723899275084314,2.723899275084314,0.7119864455307651,0.1534090909090909,1.0
3,em(motion),20,20.0,False,snr_beat_residual_db,11.606549536801465,-8.393450463198535,0.7377710189899344,0.16477272727272727,1.0
3,em(motion),20,20.0,False,snr_hsc_db,15.620142900353498,-4.379857099646502,0.7377710189899344,0.16477272727272727,1.0
3,em(motion),20,20.0,False,snr_isoelectric_db,17.686588828706576,-2.313411171293424,0.7377710189899344,0.16477272727272727,1.0
3,impulse,0,0.0,False,snr_beat_residual_db,-3.4971207512511606,-3.4971207512511606,0.5653935546790462,0.37362637362637363,1.0
3,impulse,0,0.0,False,snr_hsc_db,-0.6464047223038354,-0.6464047223038354,0.5653935546790462,0.37362637362637363,1.0
3,impulse,0,0.0,False,snr_isoelectric_db,20.848505683821102,20.848505683821102,0.5653935546790462,0.37362637362637363,1.0
3,impulse,5,5.0,False,snr_beat_residual_db,0.03533640204028832,-4.964663597959712,0.4968998850104471,0.31088082901554404,1.0
3,impulse,5,5.0,False,snr_hsc_db,1.9398371068423463,-3.0601628931576537,0.4968998850104471,0.31088082901554404,1.0
3,impulse,5,5.0,False,snr_isoelectric_db,19.03908999457348,14.03908999457348,0.4968998850104471,0.31088082901554404,1.0
3,impulse,10,10.0,False,snr_beat_residual_db,3.700005837905302,-6.299994162094698,0.5677686637485426,0.2393617021276596,1.0
3,impulse,10,10.0,False,snr_hsc_db,6.428850083338258,-3.571149916661742,0.5677686637485426,0.2393617021276596,1.0
3,impulse,10,10.0,False,snr_isoelectric_db,18.01487242132983,8.01487242132983,0.5677686637485426,0.2393617021276596,1.0
3,impulse,15,15.0,False,snr_beat_residual_db,6.439323990352484,-8.560676009647516,0.6808981378877635,0.22282608695652173,1.0
3,impulse,15,15.0,False,snr_hsc_db,7.390159905559978,-7.609840094440022,0.6808981378877635,0.22282608695652173,1.0
3,impulse,15,15.0,False,snr_isoelectric_db,17.91528647832355,2.9152864783235515,0.6808981378877635,0.22282608695652173,1.0
3,impulse,20,20.0,False,snr_beat_residual_db,10.426542263359494,-9.573457736640506,0.6755766347716968,0.1534090909090909,1.0
3,impulse,20,20.0,False,snr_hsc_db,13.80079980391482,-6.1992001960851795,0.6755766347716968,0.1534090909090909,1.0
3,impulse,20,20.0,False,snr_isoelectric_db,17.665603366575866,-2.3343966334241344,0.6755766347716968,0.1534090909090909,1.0
3,mixed,0,0.0,False,snr_beat_residual_db,-3.4167946626282175,-3.4167946626282175,0.2100213964009197,0.1736842105263158,1.0
3,mixed,0,0.0,False,snr_hsc_db,-2.9358585631054783,-2.9358585631054783,0.2100213964009197,0.1736842105263158,1.0
3,mixed,0,0.0,False,snr_isoelectric_db,18.199679065072228,18.199679065072228,0.2100213964009197,0.1736842105263158,1.0
3,mixed,5,5.0,False,snr_beat_residual_db,10.471382167948294,5.471382167948294,0.591670613055899,0.07954545454545454,1.0
3,mixed,5,5.0,False,snr_hsc_db,15.6941213889851,10.6941213889851,0.591670613055899,0.07954545454545454,1.0
3,mixed,5,5.0,False,snr_isoelectric_db,19.02270467442815,14.022704674428152,0.591670613055899,0.07954545454545454,1.0
3,mixed,10,10.0,False,snr_beat_residual_db,3.965001262564363,-6.034998737435637,0.4304025043801043,0.1631578947368421,1.0
3,mixed,10,10.0,False,snr_hsc_db,5.003138593928821,-4.996861406071179,0.4304025043801043,0.1631578947368421,1.0
3,mixed,10,10.0,False,snr_isoelectric_db,17.444331859071845,7.444331859071845,0.4304025043801043,0.1631578947368421,1.0
3,mixed,15,15.0,False,snr_beat_residual_db,11.527833541219202,-3.472166458780798,0.6411342497697111,0.11931818181818182,1.0
3,mixed,15,15.0,False,snr_hsc_db,15.737974577305945,0.7379745773059447,0.6411342497697111,0.11931818181818182,1.0
3,mixed,15,15.0,False,snr_isoelectric_db,17.76277629436787,2.762776294367871,0.6411342497697111,0.11931818181818182,1.0
3,mixed,20,20.0,False,snr_beat_residual_db,11.547456454940308,-8.452543545059692,0.5823247002950047,0.17045454545454544,1.0
3,mixed,20,20.0,False,snr_hsc_db,12.622061028496356,-7.377938971503644,0.5823247002950047,0.17045454545454544,1.0
3,mixed,20,20.0,False,snr_isoelectric_db,16.233819845965737,-3.766180154034263,0.5823247002950047,0.17045454545454544,1.0
4,awgn,0,0.0,False,snr_beat_residual_db,-1.8797622260233249,-1.8797622260233249,0.06605433262055928,0.04,0.0
4,awgn,0,0.0,False,snr_hsc_db,-1.733002474221641,-1.733002474221641,0.06605433262055928,0.04,0.0
4,awgn,0,0.0,False,snr_isoelectric_db,0.4739891055009404,0.4739891055009404,0.06605433262055928,0.04,0.0
4,awgn,5,5.0,False,snr_beat_residual_db,3.5411071975301764,-1.4588928024698236,0.16300274202082354,0.005847953216374269,1.0
4,awgn,5,5.0,False,snr_hsc_db,3.348946824165572,-1.651053175834428,0.16300274202082354,0.005847953216374269,1.0
4,awgn,5,5.0,False,snr_isoelectric_db,5.067511492030231,0.06751149203023132,0.16300274202082354,0.005847953216374269,1.0
4,awgn,10,10.0,False,snr_beat_residual_db,7.933992388790196,-2.0660076112098036,0.35894290339534624,0.023391812865497075,1.0
4,awgn,10,10.0,False,snr_hsc_db,7.960162055249792,-2.039837944750208,0.35894290339534624,0.023391812865497075,1.0
4,awgn,10,10.0,False,snr_isoelectric_db,9.323155348360132,-0.6768446516398683,0.35894290339534624,0.023391812865497075,1.0
4,awgn,15,15.0,False,snr_beat_residual_db,11.367818184344902,-3.6321818156550982,0.543273751705553,0.017543859649122806,1.0
4,awgn,15,15.0,False,snr_hsc_db,12.640434646338383,-2.3595653536616172,0.543273751705553,0.017543859649122806,1.0
4,awgn,15,15.0,False,snr_isoelectric_db,13.046497986394838,-1.9535020136051617,0.543273751705553,0.017543859649122806,1.0
4,awgn,20,20.0,False,snr_beat_residual_db,13.435435934869528,-6.564564065130472,0.6676629590663639,0.03508771929824561,1.0
4,awgn,20,20.0,False,snr_hsc_db,14.840556133841227,-5.159443866158773,0.6676629590663639,0.03508771929824561,1.0
4,awgn,20,20.0,False,snr_isoelectric_db,15.34794651169111,-4.652053488308891,0.6676629590663639,0.03508771929824561,1.0
4,pli,0,0.0,False,snr_beat_residual_db,11.764167079938321,11.764167079938321,0.5841797911202591,0.0,1.0
4,pli,0,0.0,False,snr_hsc_db,14.243923359357101,14.243923359357101,0.5841797911202591,0.0,1.0
4,pli,0,0.0,False,snr_isoelectric_db,-0.09859323579432701,-0.09859323579432701,0.5841797911202591,0.0,1.0
4,pli,5,5.0,False,snr_beat_residual_db,10.464417044219452,5.464417044219452,0.5776972178079554,0.0,1.0
4,pli,5,5.0,False,snr_hsc_db,10.814123082493106,5.814123082493106,0.5776972178079554,0.0,1.0
4,pli,5,5.0,False,snr_isoelectric_db,4.659879095485303,-0.3401209045146967,0.5776972178079554,0.0,1.0
4,pli,10,10.0,False,snr_beat_residual_db,9.80988676406702,-0.19011323593298002,0.6197945028244756,0.0,1.0
4,pli,10,10.0,False,snr_hsc_db,13.731563258018396,3.7315632580183955,0.6197945028244756,0.0,1.0
4,pli,10,10.0,False,snr_isoelectric_db,9.166815996398553,-0.8331840036014473,0.6197945028244756,0.0,1.0
4,pli,15,15.0,False,snr_beat_residual_db,11.325808283303513,-3.6741917166964875,0.5997518261022619,0.011695906432748537,1.0
4,pli,15,15.0,False,snr_hsc_db,12.786923049637371,-2.2130769503626286,0.5997518261022619,0.011695906432748537,1.0
4,pli,15,15.0,False,snr_isoelectric_db,12.902512631280993,-2.0974873687190065,0.5997518261022619,0.011695906432748537,1.0
4,pli,20,20.0,False,snr_beat_residual_db,13.425075824150552,-6.574924175849448,0.7124930834014438,0.029239766081871343,1.0
4,pli,20,20.0,False,snr_hsc_db,16.231923980556996,-3.7680760194430043,0.7124930834014438,0.029239766081871343,1.0
4,pli,20,20.0,False,snr_isoelectric_db,15.308592570174502,-4.691407429825498,0.7124930834014438,0.029239766081871343,1.0
4,bw,0,0.0,False,snr_beat_residual_db,8.637553803472102,8.637553803472102,0.7709479184945593,0.017543859649122806,1.0
4,bw,0,0.0,False,snr_hsc_db,18.49695685511719,18.49695685511719,0.7709479184945593,0.017543859649122806,1.0
4,bw,0,0.0,False,snr_isoelectric_db,20.358731370101456,20.358731370101456,0.7709479184945593,0.017543859649122806,1.0
4,bw,5,5.0,False,snr_beat_residual_db,11.158913837203047,6.1589138372030465,0.5689905624354152,0.03508771929824561,1.0
4,bw,5,5.0,False,snr_hsc_db,16.922904022262234,11.922904022262234,0.5689905624354152,0.03508771929824561,1.0
4,bw,5,5.0,False,snr_isoelectric_db,18.397232046813187,13.397232046813187,0.5689905624354152,0.03508771929824561,1.0
4,bw,10,10.0,False,snr_beat_residual_db,13.301412030192832,3.3014120301928322,0.7508594441565033,0.029239766081871343,1.0
4,bw,10,10.0,False,snr_hsc_db,18.54465715058215,8.54465715058215,0.7508594441565033,0.029239766081871343,1.0
4,bw,10,10.0,False,snr_isoelectric_db,17.482744367318194,7.482744367318194,0.7508594441565033,0.029239766081871343,1.0
4,bw,15,15.0,False,snr_beat_residual_db,14.214667656217228,-0.7853323437827715,0.8044491242245468,0.03508771929824561,1.0
4,bw,15,15.0,False,snr_hsc_db,17.99664092400227,2.9966409240022713,0.8044491242245468,0.03508771929824561,1.0
4,bw,15,15.0,False,snr_isoelectric_db,17.25280420890203,2.252804208902031,0.8044491242245468,0.03508771929824561,1.0
4,bw,20,20.0,False,snr_beat_residual_db,14.651986576607376,-5.348013423392624,0.801642918645126,0.04093567251461988,1.0
4,bw,20,20.0,False,snr_hsc_db,18.147463879736037,-1.852536120263963,0.801642918645126,0.04093567251461988,1.0
4,bw,20,20.0,False,snr_isoelectric_db,17.183370221843287,-2.816629778156713,0.801642918645126,0.04093567251461988,1.0
4,ma(emg),0,0.0,False,snr_beat_residual_db,-1.352014067434474,-1.352014067434474,0.21921387332983389,0.2982456140350877,1.0
4,ma(emg),0,0.0,False,snr_hsc_db,-0.921151404955427,-0.921151404955427,0.21921387332983389,0.2982456140350877,1.0
4,ma(emg),0,0.0,False,snr_isoelectric_db,13.758167265668622,13.758167265668622,0.21921387332983389,0.2982456140350877,1.0
4,ma(emg),5,5.0,False,snr_beat_residual_db,3.38337586743736,-1.6166241325626398,0.3577470672891746,0.2982456140350877,1.0
4,ma(emg),5,5.0,False,snr_hsc_db,3.41634981869418,-1.5836501813058201,0.3577470672891746,0.2982456140350877,1.0
4,ma(emg),5,5.0,False,snr_isoelectric_db,14.831567307089326,9.831567307089326,0.3577470672891746,0.2982456140350877,1.0
4,ma(emg),10,10.0,False,snr_beat_residual_db,7.688006657103887,-2.3119933428961126,0.43235026241218605,0.2046783625730994,1.0
4,ma(emg),10,10.0,False,snr_hsc_db,7.96468044626838,-2.03531955373162,0.43235026241218605,0.2046783625730994,1.0
4,ma(emg),10,10.0,False,snr_isoelectric_db,15.876678156351048,5.876678156351048,0.43235026241218605,0.2046783625730994,1.0
4,ma(emg),15,15.0,False,snr_beat_residual_db,11.197263735325667,-3.8027362646743335,0.609660818875755,0.05847953216374269,1.0
4,ma(emg),15,15.0,False,snr_hsc_db,12.950650586421723,-2.049349413578277,0.609660818875755,0.05847953216374269,1.0
4,ma(emg),15,15.0,False,snr_isoelectric_db,16.22657632828281,1.2265763282828104,0.609660818875755,0.05847953216374269,1.0
4,ma(emg),20,20.0,False,snr_beat_residual_db,13.366904331860354,-6.633095668139646,0.696088969767432,0.011695906432748537,1.0
4,ma(emg),20,20.0,False,snr_hsc_db,15.780150767093533,-4.219849232906467,0.696088969767432,0.011695906432748537,1.0
4,ma(emg),20,20.0,False,snr_isoelectric_db,16.44599249401789,-3.55400750598211,0.696088969767432,0.011695906432748537,1.0
4,em(motion),0,0.0,False,snr_beat_residual_db,5.558429116689979,5.558429116689979,0.787845693797804,0.16374269005847952,1.0
4,em(motion),0,0.0,False,snr_hsc_db,8.608172894076567,8.608172894076567,0.787845693797804,0.16374269005847952,1.0
4,em(motion),0,0.0,False,snr_isoelectric_db,20.07513754567516,20.07513754567516,0.787845693797804,0.16374269005847952,1.0
4,em(motion),5,5.0,False,snr_beat_residual_db,8.640011594325712,3.6400115943257116,0.801057947044884,0.14035087719298245,1.0
4,em(motion),5,5.0,False,snr_hsc_db,6.57859943368472,1.5785994336847198,0.801057947044884,0.14035087719298245,1.0
4,em(motion),5,5.0,False,snr_isoelectric_db,18.26738176768421,13.26738176768421,0.801057947044884,0.14035087719298245,1.0
4,em(motion),10,10.0,False,snr_beat_residual_db,13.079246329501593,3.0792463295015935,0.7470053216017917,0.07017543859649122,1.0
4,em(motion),10,10.0,False,snr_hsc_db,16.934079570538202,6.934079570538202,0.7470053216017917,0.07017543859649122,1.0
4,em(motion),10,10.0,False,snr_isoelectric_db,17.374599450549645,7.3745994505496455,0.7470053216017917,0.07017543859649122,1.0
4,em(motion),15,15.0,False,snr_beat_residual_db,13.328356820325265,-1.671643179674735,0.7284794600729189,0.05847953216374269,1.0
4,em(motion),15,15.0,False,snr_hsc_db,14.901449705121328,-0.09855029487867206,0.7284794600729189,0.05847953216374269,1.0
4,em(motion),15,15.0,False,snr_isoelectric_db,16.947524522364258,1.947524522364258,0.7284794600729189,0.05847953216374269,1.0
4,em(motion),20,20.0,False,snr_beat_residual_db,14.463450249855082,-5.536549750144918,0.7427776923883083,0.023391812865497075,1.0
4,em(motion),20,20.0,False,snr_hsc_db,17.73733428261914,-2.262665717380859,0.7427776923883083,0.023391812865497075,1.0
4,em(motion),20,20.0,False,snr_isoelectric_db,17.11538458984604,-2.884615410153959,0.7427776923883083,0.023391812865497075,1.0
4,impulse,0,0.0,False,snr_beat_residual_db,-2.9040202268378557,-2.9040202268378557,0.47190704441060083,0.2994652406417112,1.0
4,impulse,0,0.0,False,snr_hsc_db,-2.021373855923276,-2.021373855923276,0.47190704441060083,0.2994652406417112,1.0
4,impulse,0,0.0,False,snr_isoelectric_db,19.974238960294045,19.974238960294045,0.47190704441060083,0.2994652406417112,1.0
4,impulse,5,5.0,False,snr_beat_residual_db,1.5985757524093707,-3.4014242475906293,0.5835104974807513,0.24157303370786518,1.0
4,impulse,5,5.0,False,snr_hsc_db,4.647888464828113,-0.3521115351718871,0.5835104974807513,0.24157303370786518,1.0
4,impulse,5,5.0,False,snr_isoelectric_db,18.442849635655865,13.442849635655865,0.5835104974807513,0.24157303370786518,1.0
4,impulse,10,10.0,False,snr_beat_residual_db,5.5499594395971865,-4.4500405604028135,0.536533719133181,0.1657142857142857,1.0
4,impulse,10,10.0,False,snr_hsc_db,7.481003925929221,-2.5189960740707793,0.536533719133181,0.1657142857142857,1.0
4,impulse,10,10.0,False,snr_isoelectric_db,17.349217994429814,7.349217994429814,0.536533719133181,0.1657142857142857,1.0
4,impulse,15,15.0,False,snr_beat_residual_db,9.274134192979792,-5.725865807020208,0.6759630201068942,0.10919540229885058,1.0
4,impulse,15,15.0,False,snr_hsc_db,9.046901371884054,-5.953098628115946,0.6759630201068942,0.10919540229885058,1.0
4,impulse,15,15.0,False,snr_isoelectric_db,17.069167086321393,2.069167086321393,0.6759630201068942,0.10919540229885058,1.0
4,impulse,20,20.0,False,snr_beat_residual_db,13.368950815719833,-6.631049184280167,0.7223828665477019,0.06432748538011696,1.0
4,impulse,20,20.0,False,snr_hsc_db,15.252996495952544,-4.747003504047456,0.7223828665477019,0.06432748538011696,1.0
4,impulse,20,20.0,False,snr_isoelectric_db,16.984085023270044,-3.015914976729956,0.7223828665477019,0.06432748538011696,1.0
4,mixed,0,0.0,False,snr_beat_residual_db,11.684395835789395,11.684395835789395,0.5389892628716679,0.0,1.0
4,mixed,0,0.0,False,snr_hsc_db,18.063210049067862,18.063210049067862,0.5389892628716679,0.0,1.0
4,mixed,0,0.0,False,snr_isoelectric_db,-0.10598978884549358,-0.10598978884549358,0.5389892628716679,0.0,1.0
4,mixed,5,5.0,False,snr_beat_residual_db,1.5747835365357754,-3.4252164634642246,0.31776089477671954,0.07303370786516854,1.0
4,mixed,5,5.0,False,snr_hsc_db,4.100661783978224,-0.8993382160217758,0.31776089477671954,0.07303370786516854,1.0
4,mixed,5,5.0,False,snr_isoelectric_db,16.10791415900166,11.107914159001659,0.31776089477671954,0.07303370786516854,1.0
4,mixed,10,10.0,False,snr_beat_residual_db,8.936410236672588,-1.0635897633274123,0.4629407074443005,0.017543859649122806,1.0
4,mixed,10,10.0,False,snr_hsc_db,12.64974081726352,2.6497408172635204,0.4629407074443005,0.017543859649122806,1.0
4,mixed,10,10.0,False,snr_isoelectric_db,10.795063948125062,0.7950639481250619,0.4629407074443005,0.017543859649122806,1.0
4,mixed,15,15.0,False,snr_beat_residual_db,9.28074051902991,-5.71925948097009,0.685775561418803,0.08092485549132948,1.0
4,mixed,15,15.0,False,snr_hsc_db,11.510928405622117,-3.489071594377883,0.685775561418803,0.08092485549132948,1.0
4,mixed,15,15.0,False,snr_isoelectric_db,17.127989103563635,2.1279891035636354,0.685775561418803,0.08092485549132948,1.0
4,mixed,20,20.0,False,snr_beat_residual_db,13.430290917528163,-6.569709082471837,0.6877164518644312,0.023391812865497075,1.0
4,mixed,20,20.0,False,snr_hsc_db,16.447088611193116,-3.5529113888068835,0.6877164518644312,0.023391812865497075,1.0
4,mixed,20,20.0,False,snr_isoelectric_db,15.40019545044089,-4.59980454955911,0.6877164518644312,0.023391812865497075,1.0
0,awgn,0,-2.282780559669599,True,snr_beat_residual_db,-2.480444309486974,-0.19766374981737522,-0.005834353869979686,0.09271523178807947,0.0
0,awgn,0,-2.282780559669599,True,snr_hsc_db,-2.2584204173939266,0.024360142275672292,-0.005834353869979686,0.09271523178807947,0.0
0,awgn,0,-2.282780559669599,True,snr_isoelectric_db,-1.842045195020492,0.440735364649107,-0.005834353869979686,0.09271523178807947,0.0
0,awgn,5,2.6889138979375127,True,snr_beat_residual_db,3.0995164104099504,0.41060251247243773,-0.01545420738500489,0.014285714285714285,0.0
0,awgn,5,2.6889138979375127,True,snr_hsc_db,3.0004026909489543,0.3114887930114416,-0.01545420738500489,0.014285714285714285,0.0
0,awgn,5,2.6889138979375127,True,snr_isoelectric_db,3.0719973312854485,0.3830834333479358,-0.01545420738500489,0.014285714285714285,0.0
0,awgn,10,7.597780504397981,True,snr_beat_residual_db,7.219187625000121,-0.37859287939786057,0.030649167715583403,0.03597122302158273,0.0
0,awgn,10,7.597780504397981,True,snr_hsc_db,7.965004422185354,0.3672239177873724,0.030649167715583403,0.03597122302158273,0.0
0,awgn,10,7.597780504397981,True,snr_isoelectric_db,7.070343866419916,-0.5274366379780657,0.030649167715583403,0.03597122302158273,0.0
0,awgn,15,12.386043136086439,True,snr_beat_residual_db,10.105868161485702,-2.2801749746007367,0.07283039242397897,0.05755395683453238,0.0
0,awgn,15,12.386043136086439,True,snr_hsc_db,9.92000248101399,-2.466040655072449,0.07283039242397897,0.05755395683453238,0.0
0,awgn,15,12.386043136086439,True,snr_isoelectric_db,10.377165409721911,-2.0088777263645277,0.07283039242397897,0.05755395683453238,0.0
0,awgn,20,17.424063276219044,True,snr_beat_residual_db,11.9063117785406,-5.517751497678445,0.17954605368253052,0.1079136690647482,1.0
0,awgn,20,17.424063276219044,True,snr_hsc_db,11.525083790520497,-5.898979485698547,0.17954605368253052,0.1079136690647482,1.0
0,awgn,20,17.424063276219044,True,snr_isoelectric_db,12.759707062459134,-4.664356213759911,0.17954605368253052,0.1079136690647482,1.0
0,pli,0,16.65900257872766,True,snr_beat_residual_db,11.794423294531299,-4.86457928419636,0.22791030389338504,0.04316546762589928,1.0
0,pli,0,16.65900257872766,True,snr_hsc_db,12.346324544839185,-4.312678033888474,0.22791030389338504,0.04316546762589928,1.0
0,pli,0,16.65900257872766,True,snr_isoelectric_db,12.49797287914019,-4.161029699587468,0.22791030389338504,0.04316546762589928,1.0
0,pli,5,20.890980196991148,True,snr_beat_residual_db,12.468762626564809,-8.422217570426339,0.24744312439877755,0.08633093525179857,1.0
0,pli,5,20.890980196991148,True,snr_hsc_db,12.434378456355887,-8.45660174063526,0.24744312439877755,0.08633093525179857,1.0
0,pli,5,20.890980196991148,True,snr_isoelectric_db,13.72831354030706,-7.162666656684088,0.24744312439877755,0.08633093525179857,1.0
0,pli,10,24.094573903139782,True,snr_beat_residual_db,12.795753024477152,-11.29882087866263,0.25781250293707525,0.08633093525179857,1.0
0,pli,10,24.094573903139782,True,snr_hsc_db,13.062963758705347,-11.031610144434435,0.25781250293707525,0.08633093525179857,1.0
0,pli,10,24.094573903139782,True,snr_isoelectric_db,14.169579624542973,-9.92499427859681,0.25781250293707525,0.08633093525179857,1.0
0,pli,15,25.930623260408066,True,snr_beat_residual_db,12.858197047761195,-13.07242621264687,0.28237202318033694,0.09352517985611511,1.0
0,pli,15,25.930623260408066,True,snr_hsc_db,12.828044356319626,-13.102578904088439,0.28237202318033694,0.09352517985611511,1.0
0,pli,15,25.930623260408066,True,snr_isoelectric_db,14.343025051309706,-11.58759820909836,0.28237202318033694,0.09352517985611511,1.0
0,pli,20,26.72080440138584,True,snr_beat_residual_db,12.872760030430058,-13.848044370955783,0.2863256138484649,0.10071942446043165,1.0
0,pli,20,26.72080440138584,True,snr_hsc_db,12.697394331574634,-14.023410069811208,0.2863256138484649,0.10071942446043165,1.0
0,pli,20,26.72080440138584,True,snr_isoelectric_db,14.404686953067777,-12.316117448318064,0.2863256138484649,0.10071942446043165,1.0
0,bw,0,15.002482233977354,True,snr_beat_residual_db,12.446292290183562,-2.5561899437937914,-0.01575152619155566,0.09352517985611511,0.0
0,bw,0,15.002482233977354,True,snr_hsc_db,9.079577805975672,-5.922904428001681,-0.01575152619155566,0.09352517985611511,0.0
0,bw,0,15.002482233977354,True,snr_isoelectric_db,14.572744751294318,-0.429737482683036,-0.01575152619155566,0.09352517985611511,0.0
0,bw,5,22.787564949520316,True,snr_beat_residual_db,12.715734635425061,-10.071830314095255,0.1973747413467049,0.07913669064748201,1.0
0,bw,5,22.787564949520316,True,snr_hsc_db,12.014950670698681,-10.772614278821635,0.1973747413467049,0.07913669064748201,1.0
0,bw,5,22.787564949520316,True,snr_isoelectric_db,14.443840625370987,-8.34372432414933,0.1973747413467049,0.07913669064748201,1.0
0,bw,10,25.932608689972277,True,snr_beat_residual_db,12.891490068613047,-13.04111862135923,0.28202031838883734,0.10071942446043165,1.0
0,bw,10,25.932608689972277,True,snr_hsc_db,12.781223664006632,-13.151385025965645,0.28202031838883734,0.10071942446043165,1.0
0,bw,10,25.932608689972277,True,snr_isoelectric_db,14.424585324188675,-11.508023365783602,0.28202031838883734,0.10071942446043165,1.0
0,bw,15,26.70294947615352,True,snr_beat_residual_db,12.930931450688918,-13.772018025464602,0.27199127927188604,0.09352517985611511,1.0
0,bw,15,26.70294947615352,True,snr_hsc_db,14.148333924426622,-12.554615551726899,0.27199127927188604,0.09352517985611511,1.0
0,bw,15,26.70294947615352,True,snr_isoelectric_db,14.423596094281857,-12.279353381871664,0.27199127927188604,0.09352517985611511,1.0
0,bw,20,26.930524689062366,True,snr_beat_residual_db,12.903102237558187,-14.02742245150418,0.2797387792369749,0.09352517985611511,1.0
0,bw,20,26.930524689062366,True,snr_hsc_db,13.250863372169787,-13.67966131689258,0.2797387792369749,0.09352517985611511,1.0
0,bw,20,26.930524689062366,True,snr_isoelectric_db,14.432297367673133,-12.498227321389233,0.2797387792369749,0.09352517985611511,1.0
0,ma(emg),0,-2.902691169076803,True,snr_beat_residual_db,-2.1684064904102356,0.7342846786665675,0.03282212323473968,0.302158273381295,0.0
0,ma(emg),0,-2.902691169076803,True,snr_hsc_db,-2.7671545503674317,0.1355366187093714,0.03282212323473968,0.302158273381295,0.0
0,ma(emg),0,-2.902691169076803,True,snr_isoelectric_db,12.005531975439347,14.90822314451615,0.03282212323473968,0.302158273381295,0.0
0,ma(emg),5,2.2562631047989345,True,snr_beat_residual_db,2.6689580088334175,0.41269490403448295,0.05603041499202105,0.2446043165467626,0.0
0,ma(emg),5,2.2562631047989345,True,snr_hsc_db,2.895842747970197,0.6395796431712624,0.05603041499202105,0.2446043165467626,0.0
0,ma(emg),5,2.2562631047989345,True,snr_isoelectric_db,12.463421849783652,10.207158744984717,0.05603041499202105,0.2446043165467626,0.0
0,ma(emg),10,7.09214157520382,True,snr_beat_residual_db,6.758065232915381,-0.33407634228843897,0.0830961889680423,0.20863309352517986,0.0
0,ma(emg),10,7.09214157520382,True,snr_hsc_db,6.733703194324217,-0.358438380879603,0.0830961889680423,0.20863309352517986,0.0
0,ma(emg),10,7.09214157520382,True,snr_isoelectric_db,13.449016613894962,6.3568750386911415,0.0830961889680423,0.20863309352517986,0.0
0,ma(emg),15,11.822004046928958,True,snr_beat_residual_db,10.003562674436616,-1.8184413724923427,0.1534471275852108,0.06474820143884892,1.0
0,ma(emg),15,11.822004046928958,True,snr_hsc_db,10.224466352140356,-1.5975376947886026,0.1534471275852108,0.06474820143884892,1.0
0,ma(emg),15,11.822004046928958,True,snr_isoelectric_db,13.557746867953174,1.7357428210242158,0.1534471275852108,0.06474820143884892,1.0
0,ma(emg),20,16.92658772841564,True,snr_beat_residual_db,11.85059486390738,-5.07599286450826,0.21277862958219942,0.02877697841726619,1.0
0,ma(emg),20,16.92658772841564,True,snr_hsc_db,11.816292395368182,-5.110295333047459,0.21277862958219942,0.02877697841726619,1.0
0,ma(emg),20,16.92658772841564,True,snr_isoelectric_db,13.834479127698353,-3.092108600717287,0.21277862958219942,0.02877697841726619,1.0
0,em(motion),0,3.8655168269650346,True,snr_beat_residual_db,5.012361896575622,1.1468450696105874,0.06110371647325298,0.16428571428571428,0.0
0,em(motion),0,3.8655168269650346,True,snr_hsc_db,7.383033225560947,3.5175163985959124,0.06110371647325298,0.16428571428571428,0.0
0,em(motion),0,3.8655168269650346,True,snr_isoelectric_db,15.631910294212734,11.766393467247699,0.06110371647325298,0.16428571428571428,0.0
0,em(motion),5,9.64218858095528,True,snr_beat_residual_db,9.59584281160548,-0.046345769349798616,0.12511102599713342,0.1366906474820144,1.0
0,em(motion),5,9.64218858095528,True,snr_hsc_db,16.224184635026962,6.581996054071682,0.12511102599713342,0.1366906474820144,1.0
0,em(motion),5,9.64218858095528,True,snr_isoelectric_db,14.822017083565516,5.179828502610237,0.12511102599713342,0.1366906474820144,1.0
0,em(motion),10,14.424199898377292,True,snr_beat_residual_db,11.512527155347726,-2.911672743029566,0.24034715004695006,0.11510791366906475,1.0
0,em(motion),10,14.424199898377292,True,snr_hsc_db,12.869000324830125,-1.555199573547167,0.24034715004695006,0.11510791366906475,1.0
0,em(motion),10,14.424199898377292,True,snr_isoelectric_db,14.543570044826701,0.11937014644940902,0.24034715004695006,0.11510791366906475,1.0
0,em(motion),15,18.708195324210713,True,snr_beat_residual_db,12.500851485228925,-6.207343838981789,0.2462640822690933,0.08633093525179857,1.0
0,em(motion),15,18.708195324210713,True,snr_hsc_db,12.654886174248094,-6.053309149962619,0.2462640822690933,0.08633093525179857,1.0
0,em(motion),15,18.708195324210713,True,snr_isoelectric_db,14.444311468535362,-4.263883855675351,0.2462640822690933,0.08633093525179857,1.0
0,em(motion),20,21.53326648307463,True,snr_beat_residual_db,12.652173369197275,-8.881093113877355,0.2857631902317701,0.05755395683453238,1.0
0,em(motion),20,21.53326648307463,True,snr_hsc_db,12.360377126165233,-9.172889356909398,0.2857631902317701,0.05755395683453238,1.0
0,em(motion),20,21.53326648307463,True,snr_isoelectric_db,14.392333822256251,-7.140932660818379,0.2857631902317701,0.05755395683453238,1.0
0,impulse,0,-3.530143398359721,True,snr_beat_residual_db,-3.3473349503849095,0.18280844797481155,0.6276037298903164,0.2711864406779661,1.0
0,impulse,0,-3.530143398359721,True,snr_hsc_db,-5.9148067707543825,-2.3846633723946615,0.6276037298903164,0.2711864406779661,1.0
0,impulse,0,-3.530143398359721,True,snr_isoelectric_db,19.31613195156309,22.846275349922813,0.6276037298903164,0.2711864406779661,1.0
0,impulse,5,1.3495944621850318,True,snr_beat_residual_db,-0.004586779184125929,-1.3541812413691576,0.2250638634776698,0.26,1.0
0,impulse,5,1.3495944621850318,True,snr_hsc_db,1.4518438611193087,0.10224939893427698,0.2250638634776698,0.26,1.0
0,impulse,5,1.3495944621850318,True,snr_isoelectric_db,16.690612681263296,15.341018219078265,0.2250638634776698,0.26,1.0
0,impulse,10,6.276214492026871,True,snr_beat_residual_db,3.6424612228051063,-2.633753269221765,0.1949275760895328,0.19444444444444445,1.0
0,impulse,10,6.276214492026871,True,snr_hsc_db,5.324144023515106,-0.9520704685117654,0.1949275760895328,0.19444444444444445,1.0
0,impulse,10,6.276214492026871,True,snr_isoelectric_db,15.15695697259703,8.88074248057016,0.1949275760895328,0.19444444444444445,1.0
0,impulse,15,11.573057669337219,True,snr_beat_residual_db,8.682240496944186,-2.8908171723930334,0.1825428339984223,0.1702127659574468,1.0
0,impulse,15,11.573057669337219,True,snr_hsc_db,10.476460624773038,-1.0965970445641808,0.1825428339984223,0.1702127659574468,1.0
0,impulse,15,11.573057669337219,True,snr_isoelectric_db,14.516799983265587,2.943742313928368,0.1825428339984223,0.1702127659574468,1.0
0,impulse,20,16.039414912066587,True,snr_beat_residual_db,11.709309813359903,-4.330105098706683,0.2368534389922197,0.1079136690647482,1.0
0,impulse,20,16.039414912066587,True,snr_hsc_db,11.341790376366365,-4.697624535700221,0.2368534389922197,0.1079136690647482,1.0
0,impulse,20,16.039414912066587,True,snr_isoelectric_db,14.24541988091331,-1.7939950311532762,0.2368534389922197,0.1079136690647482,1.0
0,mixed,0,8.10125263036998,True,snr_beat_residual_db,9.341467259334854,1.240214628964873,-0.037553415882506325,0.1366906474820144,1.0
0,mixed,0,8.10125263036998,True,snr_hsc_db,13.68469747490507,5.583444844535089,-0.037553415882506325,0.1366906474820144,1.0
0,mixed,0,8.10125263036998,True,snr_isoelectric_db,14.88770976260638,6.7864571322364,-0.037553415882506325,0.1366906474820144,1.0
0,mixed,5,2.324781985283042,True,snr_beat_residual_db,0.45860449870104875,-1.8661774865819933,0.1878124324987278,0.325,1.0
0,mixed,5,2.324781985283042,True,snr_hsc_db,2.2357303940696713,-0.0890515912133707,0.1878124324987278,0.325,1.0
0,mixed,5,2.324781985283042,True,snr_isoelectric_db,16.723547788959017,14.398765803675975,0.1878124324987278,0.325,1.0
0,mixed,10,7.283703109899974,True,snr_beat_residual_db,7.16000280799784,-0.12370030190213388,0.07802842478303904,0.19424460431654678,0.0
0,mixed,10,7.283703109899974,True,snr_hsc_db,6.272497223833663,-1.0112058860663105,0.07802842478303904,0.19424460431654678,0.0
0,mixed,10,7.283703109899974,True,snr_isoelectric_db,13.276674127387986,5.992971017488013,0.07802842478303904,0.19424460431654678,0.0
0,mixed,15,25.930676990828935,True,snr_beat_residual_db,12.854911803545795,-13.07576518728314,0.2852639039714664,0.1079136690647482,1.0
0,mixed,15,25.930676990828935,True,snr_hsc_db,12.681743123709904,-13.248933867119032,0.2852639039714664,0.1079136690647482,1.0
0,mixed,15,25.930676990828935,True,snr_isoelectric_db,14.343323357681815,-11.58735363314712,0.2852639039714664,0.1079136690647482,1.0
0,mixed,20,16.2489273152722,True,snr_beat_residual_db,11.543015345047651,-4.70591197022455,0.17568280584103205,0.08633093525179857,1.0
0,mixed,20,16.2489273152722,True,snr_hsc_db,11.215274098920784,-5.033653216351418,0.17568280584103205,0.08633093525179857,1.0
0,mixed,20,16.2489273152722,True,snr_isoelectric_db,14.37031528077335,-1.8786120344988522,0.17568280584103205,0.08633093525179857,1.0
1,awgn,0,0.7670772462974056,True,snr_beat_residual_db,-2.3613339216212252,-3.128411167918631,0.07595721026057177,0.02,1.0
1,awgn,0,0.7670772462974056,True,snr_hsc_db,-2.683105002458147,-3.4501822487555525,0.07595721026057177,0.02,1.0
1,awgn,0,0.7670772462974056,True,snr_isoelectric_db,1.2700586603292807,0.5029814140318751,0.07595721026057177,0.02,1.0
1,awgn,5,5.704762273695145,True,snr_beat_residual_db,1.6805649943071748,-4.024197279387971,0.24660425504270755,0.13043478260869565,1.0
1,awgn,5,5.704762273695145,True,snr_hsc_db,6.197482968628726,0.4927206949335803,0.24660425504270755,0.13043478260869565,1.0
1,awgn,5,5.704762273695145,True,snr_isoelectric_db,6.059619399005866,0.3548571253107209,0.24660425504270755,0.13043478260869565,1.0
1,awgn,10,10.60061597819537,True,snr_beat_residual_db,3.4151422502286173,-7.185473727966752,0.39645415344194146,0.13970588235294118,1.0
1,awgn,10,10.60061597819537,True,snr_hsc_db,7.343596215452131,-3.257019762743239,0.39645415344194146,0.13970588235294118,1.0
1,awgn,10,10.60061597819537,True,snr_isoelectric_db,10.47213111800932,-0.12848486018604888,0.39645415344194146,0.13970588235294118,1.0
1,awgn,15,15.360392579445223,True,snr_beat_residual_db,4.1724047975739,-11.187987781871325,0.5931577667049024,0.13333333333333333,1.0
1,awgn,15,15.360392579445223,True,snr_hsc_db,1.7426754666135107,-13.617717112831713,0.5931577667049024,0.13333333333333333,1.0
1,awgn,15,15.360392579445223,True,snr_isoelectric_db,14.778119843732732,-0.5822727357124915,0.5931577667049024,0.13333333333333333,1.0
1,awgn,20,20.31583346575742,True,snr_beat_residual_db,4.219822350144372,-16.09601111561305,0.7205898045900906,0.13970588235294118,1.0
1,awgn,20,20.31583346575742,True,snr_hsc_db,11.985601499828089,-8.330231965929332,0.7205898045900906,0.13970588235294118,1.0
1,awgn,20,20.31583346575742,True,snr_isoelectric_db,18.837998547851353,-1.477834917906069,0.7205898045900906,0.13970588235294118,1.0
1,pli,0,19.54326408417391,True,snr_beat_residual_db,4.183786494116639,-15.35947759005727,0.7301961694735488,0.13970588235294118,1.0
1,pli,0,19.54326408417391,True,snr_hsc_db,10.91687722186766,-8.62638686230625,0.7301961694735488,0.13970588235294118,1.0
1,pli,0,19.54326408417391,True,snr_isoelectric_db,17.927949180551487,-1.6153149036224228,0.7301961694735488,0.13970588235294118,1.0
1,pli,5,23.536514869353052,True,snr_beat_residual_db,4.2608280773916025,-19.275686791961448,0.7609178519566342,0.13970588235294118,1.0
1,pli,5,23.536514869353052,True,snr_hsc_db,12.089977771399136,-11.446537097953916,0.7609178519566342,0.13970588235294118,1.0
1,pli,5,23.536514869353052,True,snr_isoelectric_db,20.134390871440374,-3.4021239979126783,0.7609178519566342,0.13970588235294118,1.0
1,pli,10,26.350243885055086,True,snr_beat_residual_db,4.286437327321582,-22.063806557733503,0.7828678793972317,0.13970588235294118,1.0
1,pli,10,26.350243885055086,True,snr_hsc_db,12.148433395834168,-14.201810489220918,0.7828678793972317,0.13970588235294118,1.0
1,pli,10,26.350243885055086,True,snr_isoelectric_db,21.216295329211192,-5.133948555843894,0.7828678793972317,0.13970588235294118,1.0
1,pli,15,27.82653288309502,True,snr_beat_residual_db,4.29507204466523,-23.53146083842979,0.7888670800407962,0.13970588235294118,1.0
1,pli,15,27.82653288309502,True,snr_hsc_db,12.239801803820985,-15.586731079274035,0.7888670800407962,0.13970588235294118,1.0
1,pli,15,27.82653288309502,True,snr_isoelectric_db,21.309602990091744,-6.516929893003276,0.7888670800407962,0.13970588235294118,1.0
1,pli,20,28.421452177326003,True,snr_beat_residual_db,4.296684579071771,-24.12476759825423,0.7889032535105408,0.13970588235294118,1.0
1,pli,20,28.421452177326003,True,snr_hsc_db,12.097351256396657,-16.324100920929347,0.7889032535105408,0.13970588235294118,1.0
1,pli,20,28.421452177326003,True,snr_isoelectric_db,21.606856626874173,-6.8145955504518305,0.7889032535105408,0.13970588235294118,1.0
1,bw,0,18.826399028202285,True,snr_beat_residual_db,4.230716177707093,-14.595682850495193,0.6409040227624024,0.13970588235294118,1.0
1,bw,0,18.826399028202285,True,snr_hsc_db,12.6525107268706,-6.173888301331685,0.6409040227624024,0.13970588235294118,1.0
1,bw,0,18.826399028202285,True,snr_isoelectric_db,21.627893819289483,2.8014947910871975,0.6409040227624024,0.13970588235294118,1.0
1,bw,5,23.928392947421774,True,snr_beat_residual_db,4.295994534797952,-19.63239841262382,0.7374509465579875,0.13970588235294118,1.0
1,bw,5,23.928392947421774,True,snr_hsc_db,12.800971939842725,-11.127421007579049,0.7374509465579875,0.13970588235294118,1.0
1,bw,5,23.928392947421774,True,snr_isoelectric_db,21.607597126490795,-2.3207958209309787,0.7374509465579875,0.13970588235294118,1.0
1,bw,10,25.844897884628924,True,snr_beat_residual_db,4.288341735356677,-21.556556149272247,0.7790010764982793,0.13970588235294118,1.0
1,bw,10,25.844897884628924,True,snr_hsc_db,13.257951176016185,-12.58694670861274,0.7790010764982793,0.13970588235294118,1.0
1,bw,10,25.844897884628924,True,snr_isoelectric_db,21.62453083659957,-4.220367048029356,0.7790010764982793,0.13970588235294118,1.0
1,bw,15,28.01719721159911,True,snr_beat_residual_db,4.294427083524635,-23.722770128074476,0.776361407883186,0.13970588235294118,1.0
1,bw,15,28.01719721159911,True,snr_hsc_db,11.630392491554538,-16.386804720044573,0.776361407883186,0.13970588235294118,1.0
1,bw,15,28.01719721159911,True,snr_isoelectric_db,21.6578258991086,-6.359371312490509,0.776361407883186,0.13970588235294118,1.0
1,bw,20,28.73044156509302,True,snr_beat_residual_db,4.297371284648057,-24.433070280444962,0.7812655624622896,0.13970588235294118,1.0
1,bw,20,28.73044156509302,True,snr_hsc_db,12.70393164769507,-16.026509917397952,0.7812655624622896,0.13970588235294118,1.0
1,bw,20,28.73044156509302,True,snr_isoelectric_db,21.623475394783785,-7.106966170309235,0.7812655624622896,0.13970588235294118,1.0
1,ma(emg),0,0.43120005352917407,True,snr_beat_residual_db,-1.2655525287979772,-1.6967525823271512,0.15202008687904472,0.0,1.0
1,ma(emg),0,0.43120005352917407,True,snr_hsc_db,-2.328171378331985,-2.759371431861159,0.15202008687904472,0.0,1.0
1,ma(emg),0,0.43120005352917407,True,snr_isoelectric_db,14.068994270781687,13.637794217252512,0.15202008687904472,0.0,1.0
1,ma(emg),5,5.663056900652191,True,snr_beat_residual_db,1.9112797654530826,-3.7517771351991085,0.3243258234478911,0.18518518518518517,1.0
1,ma(emg),5,5.663056900652191,True,snr_hsc_db,0.32125311763477876,-5.341803783017412,0.3243258234478911,0.18518518518518517,1.0
1,ma(emg),5,5.663056900652191,True,snr_isoelectric_db,16.273324234395524,10.610267333743334,0.3243258234478911,0.18518518518518517,1.0
1,ma(emg),10,10.134287144817172,True,snr_beat_residual_db,3.326904438842606,-6.807382705974566,0.4849575644620891,0.15441176470588236,1.0
1,ma(emg),10,10.134287144817172,True,snr_hsc_db,8.788475790122444,-1.3458113546947281,0.4849575644620891,0.15441176470588236,1.0
1,ma(emg),10,10.134287144817172,True,snr_isoelectric_db,16.218925324362356,6.084638179545184,0.4849575644620891,0.15441176470588236,1.0
1,ma(emg),15,14.949848780478657,True,snr_beat_residual_db,3.9170128118301983,-11.03283596864846,0.6139904442634344,0.16176470588235295,1.0
1,ma(emg),15,14.949848780478657,True,snr_hsc_db,10.453490144013255,-4.496358636465402,0.6139904442634344,0.16176470588235295,1.0
1,ma(emg),15,14.949848780478657,True,snr_isoelectric_db,17.73665961722714,2.786810836748483,0.6139904442634344,0.16176470588235295,1.0
1,ma(emg),20,19.81580742905592,True,snr_beat_residual_db,4.181775532669539,-15.63403189638638,0.7331485731530389,0.14705882352941177,1.0
1,ma(emg),20,19.81580742905592,True,snr_hsc_db,11.489066017188065,-8.326741411867854,0.7331485731530389,0.14705882352941177,1.0
1,ma(emg),20,19.81580742905592,True,snr_isoelectric_db,19.753089111751503,-0.0627183173044159,0.7331485731530389,0.14705882352941177,1.0
1,em(motion),0,7.0247136598831394,True,snr_beat_residual_db,3.3293291453753078,-3.6953845145078317,0.5582311096130146,0.21481481481481482,1.0
1,em(motion),0,7.0247136598831394,True,snr_hsc_db,-0.13165131530157836,-7.156364975184718,0.5582311096130146,0.21481481481481482,1.0
1,em(motion),0,7.0247136598831394,True,snr_isoelectric_db,21.707023331096007,14.682309671212867,0.5582311096130146,0.21481481481481482,1.0
1,em(motion),5,13.226450270777114,True,snr_beat_residual_db,4.245837837994397,-8.980612432782717,0.6152776428610951,0.18518518518518517,1.0
1,em(motion),5,13.226450270777114,True,snr_hsc_db,1.0471019523324492,-12.179348318444665,0.6152776428610951,0.18518518518518517,1.0
1,em(motion),5,13.226450270777114,True,snr_isoelectric_db,21.66248010275398,8.436029831976867,0.6152776428610951,0.18518518518518517,1.0
1,em(motion),10,17.054598889090958,True,snr_beat_residual_db,3.9268422961033633,-13.127756592987595,0.7410690221165039,0.15441176470588236,1.0
1,em(motion),10,17.054598889090958,True,snr_hsc_db,12.698919510720216,-4.355679378370741,0.7410690221165039,0.15441176470588236,1.0
1,em(motion),10,17.054598889090958,True,snr_isoelectric_db,21.575699216729596,4.521100327638639,0.7410690221165039,0.15441176470588236,1.0
1,em(motion),15,20.93233587710288,True,snr_beat_residual_db,4.321210736490592,-16.611125140612288,0.7232888150776043,0.13970588235294118,1.0
1,em(motion),15,20.93233587710288,True,snr_hsc_db,12.154665849579395,-8.777670027523484,0.7232888150776043,0.13970588235294118,1.0
1,em(motion),15,20.93233587710288,True,snr_isoelectric_db,21.461454774983082,0.5291188978802026,0.7232888150776043,0.13970588235294118,1.0
1,em(motion),20,24.74326998684278,True,snr_beat_residual_db,4.293913672494871,-20.44935631434791,0.7571103032037115,0.13970588235294118,1.0
1,em(motion),20,24.74326998684278,True,snr_hsc_db,11.677065487161489,-13.066204499681291,0.7571103032037115,0.13970588235294118,1.0
1,em(motion),20,24.74326998684278,True,snr_isoelectric_db,21.56277794275737,-3.1804920440854083,0.7571103032037115,0.13970588235294118,1.0
1,impulse,0,-0.6979002548153719,True,snr_beat_residual_db,-3.783735389617803,-3.085835134802431,0.22227104490240543,0.3670886075949367,1.0
1,impulse,0,-0.6979002548153719,True,snr_hsc_db,-3.612982250044663,-2.915081995229291,0.22227104490240543,0.3670886075949367,1.0
1,impulse,0,-0.6979002548153719,True,snr_isoelectric_db,22.579358732258786,23.27725898707416,0.22227104490240543,0.3670886075949367,1.0
1,impulse,5,4.335945634103625,True,snr_beat_residual_db,-0.06313872623294292,-4.399084360336568,0.3257703932910613,0.3221476510067114,1.0
1,impulse,5,4.335945634103625,True,snr_hsc_db,-1.5906199563298904,-5.9265655904335155,0.3257703932910613,0.3221476510067114,1.0
1,impulse,5,4.335945634103625,True,snr_isoelectric_db,21.11938773487423,16.783442100770607,0.3257703932910613,0.3221476510067114,1.0
1,impulse,10,10.324313102197799,True,snr_beat_residual_db,2.361872226918073,-7.962440875279725,0.5870735915598614,0.23741007194244604,1.0
1,impulse,10,10.324313102197799,True,snr_hsc_db,5.3116043441181695,-5.012708758079629,0.5870735915598614,0.23741007194244604,1.0
1,impulse,10,10.324313102197799,True,snr_isoelectric_db,21.160190433908305,10.835877331710506,0.5870735915598614,0.23741007194244604,1.0
1,impulse,15,14.359922927394175,True,snr_beat_residual_db,3.5196519335451715,-10.840270993849003,0.6379260584977821,0.21014492753623187,1.0
1,impulse,15,14.359922927394175,True,snr_hsc_db,4.671794956361163,-9.688127971033012,0.6379260584977821,0.21014492753623187,1.0
1,impulse,15,14.359922927394175,True,snr_isoelectric_db,20.18041387064678,5.820490943252606,0.6379260584977821,0.21014492753623187,1.0
1,impulse,20,19.15804520907814,True,snr_beat_residual_db,4.105359130313262,-15.052686078764877,0.710730831003338,0.16058394160583941,1.0
1,impulse,20,19.15804520907814,True,snr_hsc_db,14.320117939713036,-4.837927269365103,0.710730831003338,0.16058394160583941,1.0
1,impulse,20,19.15804520907814,True,snr_isoelectric_db,20.448744654364663,1.2906994452865241,0.710730831003338,0.16058394160583941,1.0
1,mixed,0,2.2419900705683005,True,snr_beat_residual_db,-0.47521303514005786,-2.717203105708358,0.10807974102857791,0.13013698630136986,1.0
1,mixed,0,2.2419900705683005,True,snr_hsc_db,1.1967870178840143,-1.0452030526842861,0.10807974102857791,0.13013698630136986,1.0
1,mixed,0,2.2419900705683005,True,snr_isoelectric_db,11.278556875011446,9.036566804443146,0.10807974102857791,0.13013698630136986,1.0
1,mixed,5,23.171769224692007,True,snr_beat_residual_db,4.266486964271987,-18.90528226042002,0.7651696837324197,0.13970588235294118,1.0
1,mixed,5,23.171769224692007,True,snr_hsc_db,13.295906670886597,-9.87586255380541,0.7651696837324197,0.13970588235294118,1.0
1,mixed,5,23.171769224692007,True,snr_isoelectric_db,20.39486059273306,-2.776908631958946,0.7651696837324197,0.13970588235294118,1.0
1,mixed,10,9.511399679544878,True,snr_beat_residual_db,2.526474183814625,-6.984925495730253,0.5482113691695127,0.2014388489208633,1.0
1,mixed,10,9.511399679544878,True,snr_hsc_db,1.8622774116898402,-7.649122267855038,0.5482113691695127,0.2014388489208633,1.0
1,mixed,10,9.511399679544878,True,snr_isoelectric_db,20.55354052310928,11.042140843564402,0.5482113691695127,0.2014388489208633,1.0
1,mixed,15,17.003724994784704,True,snr_beat_residual_db,3.8732238816794955,-13.13050111310521,0.7041192730991468,0.16666666666666666,1.0
1,mixed,15,17.003724994784704,True,snr_hsc_db,11.07632734409613,-5.927397650688574,0.7041192730991468,0.16666666666666666,1.0
1,mixed,15,17.003724994784704,True,snr_isoelectric_db,20.510674856702266,3.506949861917562,0.7041192730991468,0.16666666666666666,1.0
1,mixed,20,20.263860527183056,True,snr_beat_residual_db,4.463416351740642,-15.800444175442413,0.7067912943162415,0.13333333333333333,1.0
1,mixed,20,20.263860527183056,True,snr_hsc_db,1.541172142574507,-18.72268838460855,0.7067912943162415,0.13333333333333333,1.0
1,mixed,20,20.263860527183056,True,snr_isoelectric_db,18.326750488889612,-1.9371100382934436,0.7067912943162415,0.13333333333333333,1.0
2,awgn,0,-0.33914426370519135,True,snr_beat_residual_db,-12.1280842439533,-11.788939980248108,-0.07664021360137915,0.0,0.0
2,awgn,0,-0.33914426370519135,True,snr_hsc_db,-10.692879873199303,-10.35373560949411,-0.07664021360137915,0.0,0.0
2,awgn,0,-0.33914426370519135,True,snr_isoelectric_db,1.5626212154216912,1.9017654791268825,-0.07664021360137915,0.0,0.0
2,awgn,5,4.651520312188416,True,snr_beat_residual_db,-6.14799966487877,-10.799519977067186,-0.3453101943228075,0.0,0.0
2,awgn,5,4.651520312188416,True,snr_hsc_db,-10.446003476035981,-15.097523788224397,-0.3453101943228075,0.0,0.0
2,awgn,5,4.651520312188416,True,snr_isoelectric_db,4.256393854644796,-0.3951264575436202,-0.3453101943228075,0.0,0.0
2,awgn,10,9.567553657899163,True,snr_beat_residual_db,-3.8386549229721,-13.406208580871263,-0.7478081478270148,0.41139240506329117,1.0
2,awgn,10,9.567553657899163,True,snr_hsc_db,-9.145142663950386,-18.71269632184955,-0.7478081478270148,0.41139240506329117,1.0
2,awgn,10,9.567553657899163,True,snr_isoelectric_db,6.8495850261209545,-2.7179686317782084,-0.7478081478270148,0.41139240506329117,1.0
2,awgn,15,14.817076259895929,True,snr_beat_residual_db,-3.7902161460955264,-18.607292405991455,-0.8512755169564963,0.4393063583815029,1.0
2,awgn,15,14.817076259895929,True,snr_hsc_db,0.6741928212993142,-14.142883438596614,-0.8512755169564963,0.4393063583815029,1.0
2,awgn,15,14.817076259895929,True,snr_isoelectric_db,8.518053779152144,-6.299022480743785,-0.8512755169564963,0.4393063583815029,1.0
2,awgn,20,19.651101712771602,True,snr_beat_residual_db,-2.22058592374315,-21.871687636514753,-0.7167457102036467,0.3509933774834437,1.0
2,awgn,20,19.651101712771602,True,snr_hsc_db,3.936479939672068,-15.714621773099534,-0.7167457102036467,0.3509933774834437,1.0
2,awgn,20,19.651101712771602,True,snr_isoelectric_db,6.691442465486759,-12.959659247284844,-0.7167457102036467,0.3509933774834437,1.0
2,pli,0,18.831006360021306,True,snr_beat_residual_db,-0.6245642099048899,-19.455570569926195,0.6376423991879432,0.2826086956521739,1.0
2,pli,0,18.831006360021306,True,snr_hsc_db,3.7937427134546757,-15.037263646566629,0.6376423991879432,0.2826086956521739,1.0
2,pli,0,18.831006360021306,True,snr_isoelectric_db,5.64165658203453,-13.189349777986775,0.6376423991879432,0.2826086956521739,1.0
2,pli,5,23.416186520436465,True,snr_beat_residual_db,-0.5740933380767467,-23.99027985851321,0.6429156710980467,0.2826086956521739,1.0
2,pli,5,23.416186520436465,True,snr_hsc_db,3.778768569630366,-19.6374179508061,0.6429156710980467,0.2826086956521739,1.0
2,pli,5,23.416186520436465,True,snr_isoelectric_db,5.742895840102124,-17.67329068033434,0.6429156710980467,0.2826086956521739,1.0
2,pli,10,27.318531341926523,True,snr_beat_residual_db,-0.5613084752328816,-27.879839817159404,0.652576890742115,0.2826086956521739,1.0
2,pli,10,27.318531341926523,True,snr_hsc_db,3.7949851302996738,-23.52354621162685,0.652576890742115,0.2826086956521739,1.0
2,pli,10,27.318531341926523,True,snr_isoelectric_db,5.7668433001960695,-21.551688041730454,0.652576890742115,0.2826086956521739,1.0
2,pli,15,29.997415807108396,True,snr_beat_residual_db,-0.5527287806373824,-30.550144587745777,0.6588359217616343,0.2826086956521739,1.0
2,pli,15,29.997415807108396,True,snr_hsc_db,3.8487258409785086,-26.148689966129886,0.6588359217616343,0.2826086956521739,1.0
2,pli,15,29.997415807108396,True,snr_isoelectric_db,5.808417614423997,-24.188998192684398,0.6588359217616343,0.2826086956521739,1.0
2,pli,20,31.36274076890774,True,snr_beat_residual_db,-0.5527031318931594,-31.915443900800902,0.659993419515862,0.2826086956521739,1.0
2,pli,20,31.36274076890774,True,snr_hsc_db,3.866072487001519,-27.496668281906224,0.659993419515862,0.2826086956521739,1.0
2,pli,20,31.36274076890774,True,snr_isoelectric_db,5.845366444401231,-25.517374324506513,0.659993419515862,0.2826086956521739,1.0
2,bw,0,17.892343911880854,True,snr_beat_residual_db,-0.5696710816736038,-18.462014993554458,0.4957091294564694,0.2826086956521739,1.0
2,bw,0,17.892343911880854,True,snr_hsc_db,3.760685995772088,-14.131657916108766,0.4957091294564694,0.2826086956521739,1.0
2,bw,0,17.892343911880854,True,snr_isoelectric_db,5.873382981615748,-12.018960930265106,0.4957091294564694,0.2826086956521739,1.0
2,bw,5,21.782412177119745,True,snr_beat_residual_db,-0.5619124921846111,-22.344324669304356,0.6477259561516243,0.2826086956521739,1.0
2,bw,5,21.782412177119745,True,snr_hsc_db,3.760566444329945,-18.0218457327898,0.6477259561516243,0.2826086956521739,1.0
2,bw,5,21.782412177119745,True,snr_isoelectric_db,5.806639985940456,-15.975772191179288,0.6477259561516243,0.2826086956521739,1.0
2,bw,10,30.330650081610017,True,snr_beat_residual_db,-0.5482679588858161,-30.878918040495833,0.6439771383524984,0.2826086956521739,1.0
2,bw,10,30.330650081610017,True,snr_hsc_db,3.8222025187463924,-26.508447562863623,0.6439771383524984,0.2826086956521739,1.0
2,bw,10,30.330650081610017,True,snr_isoelectric_db,5.763732369499217,-24.5669177121108,0.6439771383524984,0.2826086956521739,1.0
2,bw,15,30.19994200204578,True,snr_beat_residual_db,-0.5559134900411701,-30.75585549208695,0.6602205235232061,0.2826086956521739,1.0
2,bw,15,30.19994200204578,True,snr_hsc_db,3.8774340623839585,-26.322507939661822,0.6602205235232061,0.2826086956521739,1.0
2,bw,15,30.19994200204578,True,snr_isoelectric_db,5.766593846913296,-24.433348155132485,0.6602205235232061,0.2826086956521739,1.0
2,bw,20,31.187000494682245,True,snr_beat_residual_db,-0.5481871617441607,-31.735187656426405,0.6462214972957321,0.2826086956521739,1.0
2,bw,20,31.187000494682245,True,snr_hsc_db,3.852143149967744,-27.3348573447145,0.6462214972957321,0.2826086956521739,1.0
2,bw,20,31.187000494682245,True,snr_isoelectric_db,5.765549863338977,-25.42145063134327,0.6462214972957321,0.2826086956521739,1.0
2,ma(emg),0,-0.8148683161109318,True,snr_beat_residual_db,-5.127341412904785,-4.312473096793854,0.11843236353461176,0.17391304347826086,1.0
2,ma(emg),0,-0.8148683161109318,True,snr_hsc_db,-4.483313694098882,-3.6684453779879505,0.11843236353461176,0.17391304347826086,1.0
2,ma(emg),0,-0.8148683161109318,True,snr_isoelectric_db,7.133844436004652,7.948712752115584,0.11843236353461176,0.17391304347826086,1.0
2,ma(emg),5,4.012096585930109,True,snr_beat_residual_db,-2.6014943474538077,-6.613590933383917,0.2392975563038406,0.30656934306569344,1.0
2,ma(emg),5,4.012096585930109,True,snr_hsc_db,0.6928172593810421,-3.319279326549067,0.2392975563038406,0.30656934306569344,1.0
2,ma(emg),5,4.012096585930109,True,snr_isoelectric_db,6.068139474774965,2.056042888844855,0.2392975563038406,0.30656934306569344,1.0
2,ma(emg),10,9.069531558186572,True,snr_beat_residual_db,-3.401970956929145,-12.471502515115716,-0.6202530055258842,0.3782051282051282,1.0
2,ma(emg),10,9.069531558186572,True,snr_hsc_db,1.058958237682059,-8.010573320504513,-0.6202530055258842,0.3782051282051282,1.0
2,ma(emg),10,9.069531558186572,True,snr_isoelectric_db,6.323663172971241,-2.7458683852153314,-0.6202530055258842,0.3782051282051282,1.0
2,ma(emg),15,14.562489260466517,True,snr_beat_residual_db,-0.8466015522188447,-15.409090812685362,0.5809951781079088,0.2805755395683453,1.0
2,ma(emg),15,14.562489260466517,True,snr_hsc_db,6.7477429856357425,-7.8147462748307746,0.5809951781079088,0.2805755395683453,1.0
2,ma(emg),15,14.562489260466517,True,snr_isoelectric_db,5.70405183764688,-8.858437422819637,0.5809951781079088,0.2805755395683453,1.0
2,ma(emg),20,18.990275135032498,True,snr_beat_residual_db,-0.6203917240794218,-19.61066685911192,0.6315554550106993,0.26811594202898553,1.0
2,ma(emg),20,18.990275135032498,True,snr_hsc_db,3.6924565067644757,-15.297818628268022,0.6315554550106993,0.26811594202898553,1.0
2,ma(emg),20,18.990275135032498,True,snr_isoelectric_db,5.8587423218562575,-13.13153281317624,0.6315554550106993,0.26811594202898553,1.0
2,em(motion),0,5.676571177115157,True,snr_beat_residual_db,-3.9027514815682016,-9.57932265868336,-0.8791475823496008,0.0,0.0
2,em(motion),0,5.676571177115157,True,snr_hsc_db,-17.11852737471961,-22.795098551834766,-0.8791475823496008,0.0,0.0
2,em(motion),0,5.676571177115157,True,snr_isoelectric_db,15.56816682384709,9.891595646731933,-0.8791475823496008,0.0,0.0
2,em(motion),5,10.878746844728767,True,snr_beat_residual_db,-1.3678954299281023,-12.24664227465687,0.3496219349551114,0.30985915492957744,1.0
2,em(motion),5,10.878746844728767,True,snr_hsc_db,1.5318991676494476,-9.34684767707932,0.3496219349551114,0.30985915492957744,1.0
2,em(motion),5,10.878746844728767,True,snr_isoelectric_db,6.7146963657217285,-4.164050479007038,0.3496219349551114,0.30985915492957744,1.0
2,em(motion),10,14.714320847197582,True,snr_beat_residual_db,-0.643405981785353,-15.357726828982935,0.5851530999358932,0.2826086956521739,1.0
2,em(motion),10,14.714320847197582,True,snr_hsc_db,4.410981827345159,-10.303339019852423,0.5851530999358932,0.2826086956521739,1.0
2,em(motion),10,14.714320847197582,True,snr_isoelectric_db,5.909367838926572,-8.80495300827101,0.5851530999358932,0.2826086956521739,1.0
2,em(motion),15,21.2267128504255,True,snr_beat_residual_db,-0.5109224128589058,-21.737635263284407,0.6692828658218483,0.2826086956521739,1.0
2,em(motion),15,21.2267128504255,True,snr_hsc_db,4.10271567347028,-17.12399717695522,0.6692828658218483,0.2826086956521739,1.0
2,em(motion),15,21.2267128504255,True,snr_isoelectric_db,5.8302081489827735,-15.396504701442726,0.6692828658218483,0.2826086956521739,1.0
2,em(motion),20,25.653184256827984,True,snr_beat_residual_db,-0.4958586078092187,-26.149042864637202,0.6466334632799338,0.2826086956521739,1.0
2,em(motion),20,25.653184256827984,True,snr_hsc_db,3.9139497410327735,-21.73923451579521,0.6466334632799338,0.2826086956521739,1.0
2,em(motion),20,25.653184256827984,True,snr_isoelectric_db,5.7887762785516195,-19.864407978276365,0.6466334632799338,0.2826086956521739,1.0
2,impulse,0,-1.395255912264535,True,snr_beat_residual_db,-5.216221873828772,-3.8209659615642373,0.14932019311321929,0.35074626865671643,0.0
2,impulse,0,-1.395255912264535,True,snr_hsc_db,-2.5366889525697687,-1.1414330403052337,0.14932019311321929,0.35074626865671643,0.0
2,impulse,0,-1.395255912264535,True,snr_isoelectric_db,9.965559600190394,11.360815512454929,0.14932019311321929,0.35074626865671643,0.0
2,impulse,5,3.418195155032512,True,snr_beat_residual_db,-3.430319571105862,-6.848514726138374,0.09517371822778233,0.36619718309859156,0.0
2,impulse,5,3.418195155032512,True,snr_hsc_db,-2.9735752416567696,-6.391770396689282,0.09517371822778233,0.36619718309859156,0.0
2,impulse,5,3.418195155032512,True,snr_isoelectric_db,7.766370489597457,4.348175334564945,0.09517371822778233,0.36619718309859156,0.0
2,impulse,10,8.778353467374538,True,snr_beat_residual_db,-1.4316352360942721,-10.20998870346881,0.4226213153874199,0.3142857142857143,1.0
2,impulse,10,8.778353467374538,True,snr_hsc_db,-5.409662089355144,-14.188015556729681,0.4226213153874199,0.3142857142857143,1.0
2,impulse,10,8.778353467374538,True,snr_isoelectric_db,6.347927034171938,-2.4304264332026007,0.4226213153874199,0.3142857142857143,1.0
2,impulse,15,13.453509721887826,True,snr_beat_residual_db,-2.2523753965235094,-15.705885118411336,0.1660259212934522,0.35570469798657717,1.0
2,impulse,15,13.453509721887826,True,snr_hsc_db,-0.9136104447043178,-14.367120166592144,0.1660259212934522,0.35570469798657717,1.0
2,impulse,15,13.453509721887826,True,snr_isoelectric_db,6.7149090516657495,-6.738600670222077,0.1660259212934522,0.35570469798657717,1.0
2,impulse,20,18.395868494402716,True,snr_beat_residual_db,-0.771784018635684,-19.1676525130384,0.5972083280052692,0.2857142857142857,1.0
2,impulse,20,18.395868494402716,True,snr_hsc_db,1.2554565764955257,-17.14041191790719,0.5972083280052692,0.2857142857142857,1.0
2,impulse,20,18.395868494402716,True,snr_isoelectric_db,5.733047269603803,-12.662821224798913,0.5972083280052692,0.2857142857142857,1.0
2,mixed,0,-1.2893977948586173,True,snr_beat_residual_db,-5.949175825506774,-4.659778030648157,0.027317142166967276,0.27102803738317754,0.0
2,mixed,0,-1.2893977948586173,True,snr_hsc_db,-6.868665685652672,-5.579267890794055,0.027317142166967276,0.27102803738317754,0.0
2,mixed,0,-1.2893977948586173,True,snr_isoelectric_db,10.443781050490692,11.73317884534931,0.027317142166967276,0.27102803738317754,0.0
2,mixed,5,11.183627176551605,True,snr_beat_residual_db,-0.9438087214395784,-12.127435897991184,0.567052432857116,0.302158273381295,1.0
2,mixed,5,11.183627176551605,True,snr_hsc_db,2.8697063664800786,-8.313920810071526,0.567052432857116,0.302158273381295,1.0
2,mixed,5,11.183627176551605,True,snr_isoelectric_db,6.157019873547235,-5.02660730300437,0.567052432857116,0.302158273381295,1.0
2,mixed,10,10.367336251701236,True,snr_beat_residual_db,-4.7109040473212405,-15.078240299022475,-0.8254629740667592,0.0,0.0
2,mixed,10,10.367336251701236,True,snr_hsc_db,-5.257201940487173,-15.624538192188409,-0.8254629740667592,0.0,0.0
2,mixed,10,10.367336251701236,True,snr_isoelectric_db,14.974015080949945,4.606678829248709,-0.8254629740667592,0.0,0.0
2,mixed,15,20.18282021292557,True,snr_beat_residual_db,-0.7793333490565839,-20.962153561982156,0.6350857735418723,0.28776978417266186,1.0
2,mixed,15,20.18282021292557,True,snr_hsc_db,3.7821241351607653,-16.400696077764806,0.6350857735418723,0.28776978417266186,1.0
2,mixed,15,20.18282021292557,True,snr_isoelectric_db,5.920124315548527,-14.262695897377043,0.6350857735418723,0.28776978417266186,1.0
2,mixed,20,19.38618677160079,True,snr_beat_residual_db,-0.9621330807929551,-20.348319852393747,0.6273707889826449,0.2907801418439716,1.0
2,mixed,20,19.38618677160079,True,snr_hsc_db,7.678953548353035,-11.707233223247755,0.6273707889826449,0.2907801418439716,1.0
2,mixed,20,19.38618677160079,True,snr_isoelectric_db,5.962746451469104,-13.423440320131686,0.6273707889826449,0.2907801418439716,1.0
3,awgn,0,0.9835457042570284,True,snr_beat_residual_db,-3.8181738496859237,-4.801719553942952,0.004921982565030549,0.095,0.0
3,awgn,0,0.9835457042570284,True,snr_hsc_db,-3.135082640144983,-4.118628344402011,0.004921982565030549,0.095,0.0
3,awgn,0,0.9835457042570284,True,snr_isoelectric_db,1.7913705420872743,0.807824837830246,0.004921982565030549,0.095,0.0
3,awgn,5,5.909259065751712,True,snr_beat_residual_db,3.720042041572618,-2.189217024179094,0.05541724817227665,0.12921348314606743,1.0
3,awgn,5,5.909259065751712,True,snr_hsc_db,5.109235556653447,-0.8000235090982653,0.05541724817227665,0.12921348314606743,1.0
3,awgn,5,5.909259065751712,True,snr_isoelectric_db,6.170365437688895,0.2611063719371831,0.05541724817227665,0.12921348314606743,1.0
3,awgn,10,10.951044591263786,True,snr_beat_residual_db,7.748937650193936,-3.20210694106985,0.14623854178978613,0.12429378531073447,1.0
3,awgn,10,10.951044591263786,True,snr_hsc_db,9.25901423844583,-1.6920303528179552,0.14623854178978613,0.12429378531073447,1.0
3,awgn,10,10.951044591263786,True,snr_isoelectric_db,10.417450482482826,-0.5335941087809601,0.14623854178978613,0.12429378531073447,1.0
3,awgn,15,15.849819371331806,True,snr_beat_residual_db,10.423575538465041,-5.426243832866765,0.253989851557577,0.14204545454545456,1.0
3,awgn,15,15.849819371331806,True,snr_hsc_db,12.709979343587525,-3.139840027744281,0.253989851557577,0.14204545454545456,1.0
3,awgn,15,15.849819371331806,True,snr_isoelectric_db,13.752765492707969,-2.0970538786238375,0.253989851557577,0.14204545454545456,1.0
3,awgn,20,21.128989014654884,True,snr_beat_residual_db,11.188228089159551,-9.940760925495333,0.48281256326667943,0.16477272727272727,1.0
3,awgn,20,21.128989014654884,True,snr_hsc_db,15.333145689916979,-5.7958433247379055,0.48281256326667943,0.16477272727272727,1.0
3,awgn,20,21.128989014654884,True,snr_isoelectric_db,15.893078694406672,-5.2359103202482125,0.48281256326667943,0.16477272727272727,1.0
3,pli,0,20.281167760072748,True,snr_beat_residual_db,11.206019752347476,-9.075148007725272,0.4869300530979482,0.18181818181818182,1.0
3,pli,0,20.281167760072748,True,snr_hsc_db,15.679869859270125,-4.6012979008026225,0.4869300530979482,0.18181818181818182,1.0
3,pli,0,20.281167760072748,True,snr_isoelectric_db,15.749975155433233,-4.531192604639514,0.4869300530979482,0.18181818181818182,1.0
3,pli,5,25.226425681642823,True,snr_beat_residual_db,11.651799970432323,-13.5746257112105,0.5919110031762731,0.17045454545454544,1.0
3,pli,5,25.226425681642823,True,snr_hsc_db,15.938371758201523,-9.2880539234413,0.5919110031762731,0.17045454545454544,1.0
3,pli,5,25.226425681642823,True,snr_isoelectric_db,16.92244160646175,-8.303984075181074,0.5919110031762731,0.17045454545454544,1.0
3,pli,10,30.05718716160297,True,snr_beat_residual_db,11.790856528914722,-18.266330632688252,0.6646871805808283,0.17045454545454544,1.0
3,pli,10,30.05718716160297,True,snr_hsc_db,16.01412895762793,-14.043058203975043,0.6646871805808283,0.17045454545454544,1.0
3,pli,10,30.05718716160297,True,snr_isoelectric_db,17.36472197778617,-12.6924651838168,0.6646871805808283,0.17045454545454544,1.0
3,pli,15,34.56184699524512,True,snr_beat_residual_db,11.821734818293091,-22.740112176952028,0.7033560547868636,0.17045454545454544,1.0
3,pli,15,34.56184699524512,True,snr_hsc_db,16.047092589971253,-18.514754405273866,0.7033560547868636,0.17045454545454544,1.0
3,pli,15,34.56184699524512,True,snr_isoelectric_db,17.504385207557522,-17.057461787687597,0.7033560547868636,0.17045454545454544,1.0
3,pli,20,38.28722215235682,True,snr_beat_residual_db,11.843414024026211,-26.44380812833061,0.7065972690632656,0.17045454545454544,1.0
3,pli,20,38.28722215235682,True,snr_hsc_db,16.167392765021773,-22.119829387335045,0.7065972690632656,0.17045454545454544,1.0
3,pli,20,38.28722215235682,True,snr_isoelectric_db,17.540222467583796,-20.746999684773023,0.7065972690632656,0.17045454545454544,1.0
3,bw,0,24.50652077627855,True,snr_beat_residual_db,11.770377040103677,-12.736143736174872,0.56066533422546,0.1590909090909091,1.0
3,bw,0,24.50652077627855,True,snr_hsc_db,16.015501303125884,-8.491019473152665,0.56066533422546,0.1590909090909091,1.0
3,bw,0,24.50652077627855,True,snr_isoelectric_db,17.58025489447222,-6.92626588180633,0.56066533422546,0.1590909090909091,1.0
3,bw,5,27.662966253632007,True,snr_beat_residual_db,11.804532021409637,-15.85843423222237,0.6161860206384786,0.17045454545454544,1.0
3,bw,5,27.662966253632007,True,snr_hsc_db,15.888237480370357,-11.77472877326165,0.6161860206384786,0.17045454545454544,1.0
3,bw,5,27.662966253632007,True,snr_isoelectric_db,17.585046110592852,-10.077920143039155,0.6161860206384786,0.17045454545454544,1.0
3,bw,10,30.24512613451979,True,snr_beat_residual_db,11.827478584520247,-18.417647549999543,0.6495505168291938,0.17045454545454544,1.0
3,bw,10,30.24512613451979,True,snr_hsc_db,15.98339544171462,-14.26173069280517,0.6495505168291938,0.17045454545454544,1.0
3,bw,10,30.24512613451979,True,snr_isoelectric_db,17.558350169437304,-12.686775965082486,0.6495505168291938,0.17045454545454544,1.0
3,bw,15,35.64932246022981,True,snr_beat_residual_db,11.839951300387666,-23.809371159842144,0.6988657049827874,0.17045454545454544,1.0
3,bw,15,35.64932246022981,True,snr_hsc_db,16.16315664318622,-19.48616581704359,0.6988657049827874,0.17045454545454544,1.0
3,bw,15,35.64932246022981,True,snr_isoelectric_db,17.567603728894355,-18.081718731335457,0.6988657049827874,0.17045454545454544,1.0
3,bw,20,38.16312778078634,True,snr_beat_residual_db,11.851352020271415,-26.311775760514927,0.7060443616075062,0.16477272727272727,1.0
3,bw,20,38.16312778078634,True,snr_hsc_db,16.23693454915258,-21.92619323163376,0.7060443616075062,0.16477272727272727,1.0
3,bw,20,38.16312778078634,True,snr_isoelectric_db,17.558854136749673,-20.604273644036667,0.7060443616075062,0.16477272727272727,1.0
3,ma(emg),0,0.5171383983711655,True,snr_beat_residual_db,0.03029621216812932,-0.48684218620303615,0.10255305194127994,0.2897727272727273,0.0
3,ma(emg),0,0.5171383983711655,True,snr_hsc_db,0.9089046135783257,0.39176621520716026,0.10255305194127994,0.2897727272727273,0.0
3,ma(emg),0,0.5171383983711655,True,snr_isoelectric_db,13.239841936606556,12.72270353823539,0.10255305194127994,0.2897727272727273,0.0
3,ma(emg),5,5.316257485214004,True,snr_beat_residual_db,4.396189187567629,-0.9200682976463757,0.16121334511724433,0.2897727272727273,1.0
3,ma(emg),5,5.316257485214004,True,snr_hsc_db,5.18694088293577,-0.1293166022782346,0.16121334511724433,0.2897727272727273,1.0
3,ma(emg),5,5.316257485214004,True,snr_isoelectric_db,14.998199333454856,9.681941848240852,0.16121334511724433,0.2897727272727273,1.0
3,ma(emg),10,10.487111720218161,True,snr_beat_residual_db,8.1418164772784,-2.345295242939761,0.22276498062155614,0.09659090909090909,1.0
3,ma(emg),10,10.487111720218161,True,snr_hsc_db,9.040708301974632,-1.4464034182435288,0.22276498062155614,0.09659090909090909,1.0
3,ma(emg),10,10.487111720218161,True,snr_isoelectric_db,16.33383639747305,5.846724677254889,0.22276498062155614,0.09659090909090909,1.0
3,ma(emg),15,15.349546284342775,True,snr_beat_residual_db,10.406713609035542,-4.942832675307233,0.3994605991618007,0.14204545454545456,1.0
3,ma(emg),15,15.349546284342775,True,snr_hsc_db,11.570405027270816,-3.7791412570719594,0.3994605991618007,0.14204545454545456,1.0
3,ma(emg),15,15.349546284342775,True,snr_isoelectric_db,16.628348566300723,1.2788022819579474,0.3994605991618007,0.14204545454545456,1.0
3,ma(emg),20,20.987811669895517,True,snr_beat_residual_db,11.493171021402802,-9.494640648492716,0.565534061972683,0.09659090909090909,1.0
3,ma(emg),20,20.987811669895517,True,snr_hsc_db,13.536363189421849,-7.451448480473669,0.565534061972683,0.09659090909090909,1.0
3,ma(emg),20,20.987811669895517,True,snr_isoelectric_db,16.961587604288646,-4.026224065606872,0.565534061972683,0.09659090909090909,1.0
3,em(motion),0,7.663715756006328,True,snr_beat_residual_db,5.703118207494239,-1.960597548512089,0.23365991338718742,0.22598870056497175,1.0
3,em(motion),0,7.663715756006328,True,snr_hsc_db,2.4104425220801127,-5.253273233926215,0.23365991338718742,0.22598870056497175,1.0
3,em(motion),0,7.663715756006328,True,snr_isoelectric_db,18.23183395342533,10.568118197419002,0.23365991338718742,0.22598870056497175,1.0
3,em(motion),5,11.839518761089337,True,snr_beat_residual_db,8.594450563811503,-3.245068197277835,0.4272763693066324,0.1864406779661017,1.0
3,em(motion),5,11.839518761089337,True,snr_hsc_db,9.459031695433463,-2.380487065655874,0.4272763693066324,0.1864406779661017,1.0
3,em(motion),5,11.839518761089337,True,snr_isoelectric_db,17.73152027748867,5.892001516399333,0.4272763693066324,0.1864406779661017,1.0
3,em(motion),10,16.275299374970803,True,snr_beat_residual_db,10.788529378662163,-5.48676999630864,0.5937927099801423,0.17045454545454544,1.0
3,em(motion),10,16.275299374970803,True,snr_hsc_db,12.194804413959295,-4.080494961011508,0.5937927099801423,0.17045454545454544,1.0
3,em(motion),10,16.275299374970803,True,snr_isoelectric_db,17.638139849791084,1.3628404748202811,0.5937927099801423,0.17045454545454544,1.0
3,em(motion),15,22.885683857830898,True,snr_beat_residual_db,11.633898872464176,-11.251784985366722,0.5631910107997242,0.1590909090909091,1.0
3,em(motion),15,22.885683857830898,True,snr_hsc_db,15.53472702878132,-7.3509568290495775,0.5631910107997242,0.1590909090909091,1.0
3,em(motion),15,22.885683857830898,True,snr_isoelectric_db,17.55682017325936,-5.328863684571537,0.5631910107997242,0.1590909090909091,1.0
3,em(motion),20,28.712130233705135,True,snr_beat_residual_db,11.771639824987965,-16.94049040871717,0.6618244814768502,0.14772727272727273,1.0
3,em(motion),20,28.712130233705135,True,snr_hsc_db,16.129849519472785,-12.58228071423235,0.6618244814768502,0.14772727272727273,1.0
3,em(motion),20,28.712130233705135,True,snr_isoelectric_db,17.52242174364075,-11.189708490064387,0.6618244814768502,0.14772727272727273,1.0
3,impulse,0,0.38323890993251164,True,snr_beat_residual_db,-3.457786138841556,-3.8410250487740676,0.49203586804720595,0.36813186813186816,1.0
3,impulse,0,0.38323890993251164,True,snr_hsc_db,-0.6727919468109853,-1.0560308567434968,0.49203586804720595,0.36813186813186816,1.0
3,impulse,0,0.38323890993251164,True,snr_isoelectric_db,20.71007236692349,20.32683345699098,0.49203586804720595,0.36813186813186816,1.0
3,impulse,5,4.695061816911228,True,snr_beat_residual_db,0.08458733332334968,-4.610474483587879,0.4570680212615325,0.3160621761658031,1.0
3,impulse,5,4.695061816911228,True,snr_hsc_db,2.032546517798301,-2.6625152991129273,0.4570680212615325,0.3160621761658031,1.0
3,impulse,5,4.695061816911228,True,snr_isoelectric_db,18.884201211842612,14.189139394931384,0.4570680212615325,0.3160621761658031,1.0
3,impulse,10,10.705012141867766,True,snr_beat_residual_db,3.724433705327371,-6.9805784365403944,0.4735960939859748,0.2393617021276596,1.0
3,impulse,10,10.705012141867766,True,snr_hsc_db,6.326278588830743,-4.378733553037023,0.4735960939859748,0.2393617021276596,1.0
3,impulse,10,10.705012141867766,True,snr_isoelectric_db,17.834773544853014,7.129761402985249,0.4735960939859748,0.2393617021276596,1.0
3,impulse,15,15.063648461204389,True,snr_beat_residual_db,6.520561594694078,-8.543086866510311,0.5764248557670983,0.20108695652173914,1.0
3,impulse,15,15.063648461204389,True,snr_hsc_db,7.351662118037543,-7.711986343166846,0.5764248557670983,0.20108695652173914,1.0
3,impulse,15,15.063648461204389,True,snr_isoelectric_db,17.756437882057064,2.692789420852675,0.5764248557670983,0.20108695652173914,1.0
3,impulse,20,19.877650738811184,True,snr_beat_residual_db,10.554605999509423,-9.32304473930176,0.6129629750607624,0.14204545454545456,1.0
3,impulse,20,19.877650738811184,True,snr_hsc_db,13.869559771563274,-6.0080909672479095,0.6129629750607624,0.14204545454545456,1.0
3,impulse,20,19.877650738811184,True,snr_isoelectric_db,17.549149157473572,-2.328501581337612,0.6129629750607624,0.14204545454545456,1.0
3,mixed,0,-0.12844359407875744,True,snr_beat_residual_db,-3.3096603655248344,-3.181216771446077,0.1763378131159789,0.18947368421052632,1.0
3,mixed,0,-0.12844359407875744,True,snr_hsc_db,-2.8751791503526785,-2.746735556273921,0.1763378131159789,0.18947368421052632,1.0
3,mixed,0,-0.12844359407875744,True,snr_isoelectric_db,18.170813652996635,18.299257247075392,0.1763378131159789,0.18947368421052632,1.0
3,mixed,5,29.959592412746787,True,snr_beat_residual_db,11.83046118035185,-18.129131232394936,0.642819862159139,0.16477272727272727,1.0
3,mixed,5,29.959592412746787,True,snr_hsc_db,15.942612133161667,-14.01698027958512,0.642819862159139,0.16477272727272727,1.0
3,mixed,5,29.959592412746787,True,snr_isoelectric_db,17.58521390170091,-12.374378511045876,0.642819862159139,0.16477272727272727,1.0
3,mixed,10,9.7717338299591,True,snr_beat_residual_db,4.0433557186302655,-5.728378111328834,0.36164192627760666,0.16842105263157894,1.0
3,mixed,10,9.7717338299591,True,snr_hsc_db,5.10291339012633,-4.6688204398327695,0.36164192627760666,0.16842105263157894,1.0
3,mixed,10,9.7717338299591,True,snr_isoelectric_db,17.293493416209,7.5217595862499,0.36164192627760666,0.16842105263157894,1.0
3,mixed,15,34.35288691106571,True,snr_beat_residual_db,11.835098758003715,-22.517788153061993,0.6856852658250681,0.17045454545454544,1.0
3,mixed,15,34.35288691106571,True,snr_hsc_db,16.04036491331123,-18.31252199775448,0.6856852658250681,0.17045454545454544,1.0
3,mixed,15,34.35288691106571,True,snr_isoelectric_db,17.560905250453175,-16.791981660612535,0.6856852658250681,0.17045454545454544,1.0
3,mixed,20,22.16483902893826,True,snr_beat_residual_db,11.810204591958431,-10.354634436979829,0.5082896650088119,0.1534090909090909,1.0
3,mixed,20,22.16483902893826,True,snr_hsc_db,13.268313129597562,-8.896525899340698,0.5082896650088119,0.1534090909090909,1.0
3,mixed,20,22.16483902893826,True,snr_isoelectric_db,16.472303753678247,-5.692535275260013,0.5082896650088119,0.1534090909090909,1.0
4,awgn,0,-0.3137340426090577,True,snr_beat_residual_db,-0.9653323719457916,-0.6515983293367339,-0.00401824316286315,0.04,0.0
4,awgn,0,-0.3137340426090577,True,snr_hsc_db,-0.7748455823225564,-0.4611115397134987,-0.00401824316286315,0.04,0.0
4,awgn,0,-0.3137340426090577,True,snr_isoelectric_db,-0.048196803785180285,0.2655372388238774,-0.00401824316286315,0.04,0.0
4,awgn,5,4.671525414368999,True,snr_beat_residual_db,4.5128720650525445,-0.15865334931645414,-0.0029783296316463143,0.005847953216374269,0.0
4,awgn,5,4.671525414368999,True,snr_hsc_db,4.445697932949203,-0.22582748141979536,-0.0029783296316463143,0.005847953216374269,0.0
4,awgn,5,4.671525414368999,True,snr_isoelectric_db,4.802332038324534,0.130806623955535,-0.0029783296316463143,0.005847953216374269,0.0
4,awgn,10,9.618575062300426,True,snr_beat_residual_db,8.92638172138509,-0.6921933409153365,0.03388297825098267,0.0,1.0
4,awgn,10,9.618575062300426,True,snr_hsc_db,9.052393385670293,-0.5661816766301335,0.03388297825098267,0.0,1.0
4,awgn,10,9.618575062300426,True,snr_isoelectric_db,8.798553313489148,-0.8200217488112784,0.03388297825098267,0.0,1.0
4,awgn,15,14.637456241664568,True,snr_beat_residual_db,12.394687487751428,-2.24276875391314,0.07500299965062493,0.005847953216374269,1.0
4,awgn,15,14.637456241664568,True,snr_hsc_db,13.295399808925602,-1.342056432738966,0.07500299965062493,0.005847953216374269,1.0
4,awgn,15,14.637456241664568,True,snr_isoelectric_db,12.319127415984383,-2.318328825680185,0.07500299965062493,0.005847953216374269,1.0
4,awgn,20,19.545684505840658,True,snr_beat_residual_db,14.530981258651101,-5.014703247189557,0.1521004884348719,0.017543859649122806,1.0
4,awgn,20,19.545684505840658,True,snr_hsc_db,15.590144985751518,-3.9555395200891397,0.1521004884348719,0.017543859649122806,1.0
4,awgn,20,19.545684505840658,True,snr_isoelectric_db,14.256419894972279,-5.289264610868379,0.1521004884348719,0.017543859649122806,1.0
4,pli,0,18.883336927807278,True,snr_beat_residual_db,14.355926956408814,-4.527409971398464,0.09620527556287928,0.017543859649122806,1.0
4,pli,0,18.883336927807278,True,snr_hsc_db,13.998210085788806,-4.885126842018472,0.09620527556287928,0.017543859649122806,1.0
4,pli,0,18.883336927807278,True,snr_isoelectric_db,13.927587484067416,-4.955749443739862,0.09620527556287928,0.017543859649122806,1.0
4,pli,5,23.613458724167934,True,snr_beat_residual_db,15.302162188639628,-8.311296535528307,0.15629549630309653,0.017543859649122806,1.0
4,pli,5,23.613458724167934,True,snr_hsc_db,17.719443182397722,-5.894015541770212,0.15629549630309653,0.017543859649122806,1.0
4,pli,5,23.613458724167934,True,snr_isoelectric_db,14.967699299492253,-8.645759424675681,0.15629549630309653,0.017543859649122806,1.0
4,pli,10,27.855174920458037,True,snr_beat_residual_db,15.892050786768316,-11.963124133689721,0.1855654406582134,0.017543859649122806,1.0
4,pli,10,27.855174920458037,True,snr_hsc_db,17.621448022704826,-10.233726897753211,0.1855654406582134,0.017543859649122806,1.0
4,pli,10,27.855174920458037,True,snr_isoelectric_db,15.381288126033112,-12.473886794424924,0.1855654406582134,0.017543859649122806,1.0
4,pli,15,31.075902632512285,True,snr_beat_residual_db,16.014313132673912,-15.061589499838373,0.21363290561960396,0.017543859649122806,1.0
4,pli,15,31.075902632512285,True,snr_hsc_db,18.68248441786919,-12.393418214643095,0.21363290561960396,0.017543859649122806,1.0
4,pli,15,31.075902632512285,True,snr_isoelectric_db,15.493088897670225,-15.58281373484206,0.21363290561960396,0.017543859649122806,1.0
4,pli,20,32.93183793146743,True,snr_beat_residual_db,16.027927549808076,-16.90391038165935,0.21935816437740302,0.017543859649122806,1.0
4,pli,20,32.93183793146743,True,snr_hsc_db,18.838636356764646,-14.093201574702782,0.21935816437740302,0.017543859649122806,1.0
4,pli,20,32.93183793146743,True,snr_isoelectric_db,15.545271587270431,-17.386566344196996,0.21935816437740302,0.017543859649122806,1.0
4,bw,0,21.913816312519888,True,snr_beat_residual_db,15.744251510323895,-6.169564802195993,0.07533800298388507,0.011695906432748537,1.0
4,bw,0,21.913816312519888,True,snr_hsc_db,19.110252858874365,-2.8035634536455234,0.07533800298388507,0.011695906432748537,1.0
4,bw,0,21.913816312519888,True,snr_isoelectric_db,15.588894887824935,-6.324921424694953,0.07533800298388507,0.011695906432748537,1.0
4,bw,5,23.3489936034698,True,snr_beat_residual_db,15.818040786553917,-7.5309528169158835,0.08346081658985156,0.011695906432748537,1.0
4,bw,5,23.3489936034698,True,snr_hsc_db,18.318189220478175,-5.030804382991626,0.08346081658985156,0.011695906432748537,1.0
4,bw,5,23.3489936034698,True,snr_isoelectric_db,15.591168664172695,-7.757824939297105,0.08346081658985156,0.011695906432748537,1.0
4,bw,10,27.30519973005252,True,snr_beat_residual_db,15.942775277124541,-11.36242445292798,0.19255136493601419,0.011695906432748537,1.0
4,bw,10,27.30519973005252,True,snr_hsc_db,19.00921463515456,-8.295985094897961,0.19255136493601419,0.011695906432748537,1.0
4,bw,10,27.30519973005252,True,snr_isoelectric_db,15.574149737513409,-11.731049992539113,0.19255136493601419,0.011695906432748537,1.0
4,bw,15,30.345553401819853,True,snr_beat_residual_db,16.003647236665508,-14.341906165154345,0.21131569563996816,0.017543859649122806,1.0
4,bw,15,30.345553401819853,True,snr_hsc_db,18.822144248329383,-11.52340915349047,0.21131569563996816,0.017543859649122806,1.0
4,bw,15,30.345553401819853,True,snr_isoelectric_db,15.571733870773324,-14.773819531046529,0.21131569563996816,0.017543859649122806,1.0
4,bw,20,33.792251085490236,True,snr_beat_residual_db,16.041087108114194,-17.75116397737604,0.21214669932771774,0.017543859649122806,1.0
4,bw,20,33.792251085490236,True,snr_hsc_db,18.90149069938931,-14.890760386100926,0.21214669932771774,0.017543859649122806,1.0
4,bw,20,33.792251085490236,True,snr_isoelectric_db,15.567513148029509,-18.224737937460727,0.21214669932771774,0.017543859649122806,1.0
4,ma(emg),0,-1.0318071587112518,True,snr_beat_residual_db,-0.7637027509379828,0.26810440777326905,0.05321290585595798,0.30409356725146197,0.0
4,ma(emg),0,-1.0318071587112518,True,snr_hsc_db,-0.0008742683754713303,1.0309328903357806,0.05321290585595798,0.30409356725146197,0.0
4,ma(emg),0,-1.0318071587112518,True,snr_isoelectric_db,13.140826399953422,14.172633558664675,0.05321290585595798,0.30409356725146197,0.0
4,ma(emg),5,3.962208253316069,True,snr_beat_residual_db,4.025682352919092,0.06347409960302297,0.04059555734231693,0.3333333333333333,0.0
4,ma(emg),5,3.962208253316069,True,snr_hsc_db,3.7874230559879307,-0.17478519732813824,0.04059555734231693,0.3333333333333333,0.0
4,ma(emg),5,3.962208253316069,True,snr_isoelectric_db,13.820839592312295,9.858631338996226,0.04059555734231693,0.3333333333333333,0.0
4,ma(emg),10,9.224669614612566,True,snr_beat_residual_db,8.401609127371461,-0.8230604872411043,0.08521575530195831,0.2222222222222222,0.0
4,ma(emg),10,9.224669614612566,True,snr_hsc_db,8.258922670173861,-0.9657469444387043,0.08521575530195831,0.2222222222222222,0.0
4,ma(emg),10,9.224669614612566,True,snr_isoelectric_db,14.538417840217033,5.313748225604467,0.08521575530195831,0.2222222222222222,0.0
4,ma(emg),15,14.326512560882072,True,snr_beat_residual_db,11.995607738765617,-2.330904822116455,0.09072992354237648,0.1111111111111111,1.0
4,ma(emg),15,14.326512560882072,True,snr_hsc_db,13.70780704132943,-0.618705519552643,0.09072992354237648,0.1111111111111111,1.0
4,ma(emg),15,14.326512560882072,True,snr_isoelectric_db,14.791109227006318,0.46459666612424577,0.09072992354237648,0.1111111111111111,1.0
4,ma(emg),20,18.844464565634198,True,snr_beat_residual_db,14.341602119031966,-4.502862446602231,0.1501094260527709,0.011695906432748537,1.0
4,ma(emg),20,18.844464565634198,True,snr_hsc_db,16.254942570724673,-2.589521994909525,0.1501094260527709,0.011695906432748537,1.0
4,ma(emg),20,18.844464565634198,True,snr_isoelectric_db,14.95348087466051,-3.8909836909736875,0.1501094260527709,0.011695906432748537,1.0
4,em(motion),0,5.477098822548472,True,snr_beat_residual_db,6.518594694101037,1.0414958715525655,-0.1498314142098493,0.2046783625730994,0.0
4,em(motion),0,5.477098822548472,True,snr_hsc_db,8.81887605815554,3.3417772356070685,-0.1498314142098493,0.2046783625730994,0.0
4,em(motion),0,5.477098822548472,True,snr_isoelectric_db,16.513158289775262,11.03605946722679,-0.1498314142098493,0.2046783625730994,0.0
4,em(motion),5,8.809778457756172,True,snr_beat_residual_db,9.442014846209737,0.6322363884535651,0.017085923255583335,0.17543859649122806,0.0
4,em(motion),5,8.809778457756172,True,snr_hsc_db,7.388110501586482,-1.4216679561696903,0.017085923255583335,0.17543859649122806,0.0
4,em(motion),5,8.809778457756172,True,snr_isoelectric_db,15.999186079649817,7.189407621893645,0.017085923255583335,0.17543859649122806,0.0
4,em(motion),10,17.209209438314225,True,snr_beat_residual_db,14.429826695607769,-2.7793827427064564,0.041536448519917585,0.05263157894736842,1.0
4,em(motion),10,17.209209438314225,True,snr_hsc_db,17.182269703185057,-0.026939735129168696,0.041536448519917585,0.05263157894736842,1.0
4,em(motion),10,17.209209438314225,True,snr_isoelectric_db,15.568925759973585,-1.6402836783406407,0.041536448519917585,0.05263157894736842,1.0
4,em(motion),15,18.95506827636731,True,snr_beat_residual_db,14.50197571654055,-4.453092559826761,0.14599700645185265,0.05263157894736842,1.0
4,em(motion),15,18.95506827636731,True,snr_hsc_db,14.726352058228148,-4.228716218139162,0.14599700645185265,0.05263157894736842,1.0
4,em(motion),15,18.95506827636731,True,snr_isoelectric_db,15.449392543446974,-3.505675732920336,0.14599700645185265,0.05263157894736842,1.0
4,em(motion),20,24.402664103977642,True,snr_beat_residual_db,15.610605264172392,-8.79205883980525,0.1562401224800078,0.029239766081871343,1.0
4,em(motion),20,24.402664103977642,True,snr_hsc_db,18.492876614471715,-5.909787489505927,0.1562401224800078,0.029239766081871343,1.0
4,em(motion),20,24.402664103977642,True,snr_isoelectric_db,15.596297637820717,-8.806366466156925,0.1562401224800078,0.029239766081871343,1.0
4,impulse,0,-1.6555374140470644,True,snr_beat_residual_db,-2.8620473372559294,-1.206509923208865,0.528779102131196,0.31016042780748665,1.0
4,impulse,0,-1.6555374140470644,True,snr_hsc_db,-1.8857304389568452,-0.23019302490978077,0.528779102131196,0.31016042780748665,1.0
4,impulse,0,-1.6555374140470644,True,snr_isoelectric_db,19.240176841520398,20.895714255567462,0.528779102131196,0.31016042780748665,1.0
4,impulse,5,4.143124564903375,True,snr_beat_residual_db,1.6974721685369378,-2.4456523963664374,0.23605214913486586,0.2696629213483146,1.0
4,impulse,5,4.143124564903375,True,snr_hsc_db,4.930246413802393,0.7871218488990177,0.23605214913486586,0.2696629213483146,1.0
4,impulse,5,4.143124564903375,True,snr_isoelectric_db,17.324598325083894,13.18147376018052,0.23605214913486586,0.2696629213483146,1.0
4,impulse,10,8.27831821138507,True,snr_beat_residual_db,5.690560636103577,-2.5877575752814925,0.15150226441661857,0.2057142857142857,1.0
4,impulse,10,8.27831821138507,True,snr_hsc_db,7.503798165398319,-0.7745200459867512,0.15150226441661857,0.2057142857142857,1.0
4,impulse,10,8.27831821138507,True,snr_isoelectric_db,15.986394171027857,7.7080759596427875,0.15150226441661857,0.2057142857142857,1.0
4,impulse,15,13.419223201742332,True,snr_beat_residual_db,9.591968591236027,-3.827254610506305,0.1680524736976531,0.14367816091954022,1.0
4,impulse,15,13.419223201742332,True,snr_hsc_db,9.624731346491046,-3.7944918552512856,0.1680524736976531,0.14367816091954022,1.0
4,impulse,15,13.419223201742332,True,snr_isoelectric_db,15.605283139727625,2.186059937985293,0.1680524736976531,0.14367816091954022,1.0
4,impulse,20,18.750140964948375,True,snr_beat_residual_db,14.150188194223098,-4.599952770725277,0.1528948708471506,0.0935672514619883,1.0
4,impulse,20,18.750140964948375,True,snr_hsc_db,15.414126611583113,-3.336014353365263,0.1528948708471506,0.0935672514619883,1.0
4,impulse,20,18.750140964948375,True,snr_isoelectric_db,15.479457525158217,-3.270683439790158,0.1528948708471506,0.0935672514619883,1.0
4,mixed,0,18.88345915938489,True,snr_beat_residual_db,14.30604873313512,-4.577410426249772,0.07920282162730122,0.017543859649122806,1.0
4,mixed,0,18.88345915938489,True,snr_hsc_db,14.005864500282193,-4.877594659102698,0.07920282162730122,0.017543859649122806,1.0
4,mixed,0,18.88345915938489,True,snr_isoelectric_db,13.892642848190492,-4.990816311194399,0.07920282162730122,0.017543859649122806,1.0
4,mixed,5,3.7953092919599243,True,snr_beat_residual_db,1.8499505978241129,-1.9453586941358114,0.05814193581526003,0.08426966292134831,1.0
4,mixed,5,3.7953092919599243,True,snr_hsc_db,4.497221442453443,0.7019121504935191,0.05814193581526003,0.08426966292134831,1.0
4,mixed,5,3.7953092919599243,True,snr_isoelectric_db,15.089084393727074,11.29377510176715,0.05814193581526003,0.08426966292134831,1.0
4,mixed,10,14.591953857362503,True,snr_beat_residual_db,12.489253586093021,-2.102700271269482,0.020543122166175605,0.03508771929824561,1.0
4,mixed,10,14.591953857362503,True,snr_hsc_db,14.428752784668827,-0.1632010726936759,0.020543122166175605,0.03508771929824561,1.0
4,mixed,10,14.591953857362503,True,snr_isoelectric_db,12.867660699547761,-1.724293157814742,0.020543122166175605,0.03508771929824561,1.0
4,mixed,15,13.206090332472648,True,snr_beat_residual_db,9.610326130526548,-3.5957642019461,0.14323659602275915,0.12138728323699421,1.0
4,mixed,15,13.206090332472648,True,snr_hsc_db,11.545439333732944,-1.6606509987397047,0.14323659602275915,0.12138728323699421,1.0
4,mixed,15,13.206090332472648,True,snr_isoelectric_db,15.654095312803388,2.44800498033074,0.14323659602275915,0.12138728323699421,1.0
4,mixed,20,22.461691944845008,True,snr_beat_residual_db,15.219959096011761,-7.241732848833246,0.15961833719962418,0.011695906432748537,1.0
4,mixed,20,22.461691944845008,True,snr_hsc_db,17.67868709520197,-4.783004849643039,0.15961833719962418,0.011695906432748537,1.0
4,mixed,20,22.461691944845008,True,snr_isoelectric_db,14.893908071981908,-7.5677838728630995,0.15961833719962418,0.011695906432748537,1.0
